{"v":"5.7.4","fr":60,"ip":0,"op":120,"w":512,"h":512,"nm":"1497177","ddd":0,"assets":[],"layers":[{"ddd":0,"ind":1,"ty":4,"nm":"Layer 1 Outlines","sr":1,"ks":{"o":{"a":0,"k":100,"ix":11},"r":{"a":1,"k":[{"i":{"x":[0.773],"y":[0.821]},"o":{"x":[0.414],"y":[0]},"t":0,"s":[0],"e":[365]},{"i":{"x":[0.611],"y":[1.154]},"o":{"x":[0.29],"y":[-6.967]},"t":48,"s":[365],"e":[360]},{"t":68}],"ix":10},"p":{"a":0,"k":[255.282,256.094,0],"ix":2,"l":2},"a":{"a":0,"k":[191.46,192.083,0],"ix":1,"l":2},"s":{"a":0,"k":[100,100,100],"ix":6,"l":2}},"ao":0,"shapes":[{"ty":"gr","it":[{"ind":0,"ty":"sh","ix":1,"ks":{"a":0,"k":{"i":[[0,0],[0,0],[0,0]],"o":[[0,0],[0,0],[0,0]],"v":[[-0.004,-0.004],[-0.004,0.004],[0.005,-0.004]],"c":true},"ix":2},"nm":"Path 1","mn":"ADBE Vector Shape - Group","hd":false},{"ty":"fl","c":{"a":0,"k":[0.622615500057,0.473918211694,0.342376738904,1],"ix":4},"o":{"a":0,"k":100,"ix":5},"r":1,"bm":0,"nm":"Fill 1","mn":"ADBE Vector Graphic - Fill","hd":false},{"ty":"tr","p":{"a":0,"k":[180.581,203.587],"ix":2},"a":{"a":0,"k":[0,0],"ix":1},"s":{"a":0,"k":[100,100],"ix":3},"r":{"a":0,"k":0,"ix":6},"o":{"a":0,"k":100,"ix":7},"sk":{"a":0,"k":0,"ix":4},"sa":{"a":0,"k":0,"ix":5},"nm":"Transform"}],"nm":"Group 1","np":2,"cix":2,"bm":0,"ix":1,"mn":"ADBE Vector Group","hd":false},{"ty":"gr","it":[{"ind":0,"ty":"sh","ix":1,"ks":{"a":0,"k":{"i":[[0,0],[0,0],[0,0]],"o":[[0,0],[0,0],[0,0]],"v":[[-0.004,-0.004],[-0.004,0.004],[0.004,0.004]],"c":true},"ix":2},"nm":"Path 1","mn":"ADBE Vector Shape - Group","hd":false},{"ty":"fl","c":{"a":0,"k":[0.622615500057,0.473918211694,0.342376738904,1],"ix":4},"o":{"a":0,"k":100,"ix":5},"r":1,"bm":0,"nm":"Fill 1","mn":"ADBE Vector Graphic - Fill","hd":false},{"ty":"tr","p":{"a":0,"k":[180.581,181.139],"ix":2},"a":{"a":0,"k":[0,0],"ix":1},"s":{"a":0,"k":[100,100],"ix":3},"r":{"a":0,"k":0,"ix":6},"o":{"a":0,"k":100,"ix":7},"sk":{"a":0,"k":0,"ix":4},"sa":{"a":0,"k":0,"ix":5},"nm":"Transform"}],"nm":"Group 2","np":2,"cix":2,"bm":0,"ix":2,"mn":"ADBE Vector Group","hd":false},{"ty":"gr","it":[{"ind":0,"ty":"sh","ix":1,"ks":{"a":0,"k":{"i":[[0,0],[0,0],[0,0]],"o":[[0,0],[0,0],[0,0]],"v":[[0.004,-0.004],[-0.004,-0.004],[0.004,0.004]],"c":true},"ix":2},"nm":"Path 1","mn":"ADBE Vector Shape - Group","hd":false},{"ty":"fl","c":{"a":0,"k":[0.622615500057,0.473918211694,0.342376738904,1],"ix":4},"o":{"a":0,"k":100,"ix":5},"r":1,"bm":0,"nm":"Fill 1","mn":"ADBE Vector Graphic - Fill","hd":false},{"ty":"tr","p":{"a":0,"k":[180.581,181.139],"ix":2},"a":{"a":0,"k":[0,0],"ix":1},"s":{"a":0,"k":[100,100],"ix":3},"r":{"a":0,"k":0,"ix":6},"o":{"a":0,"k":100,"ix":7},"sk":{"a":0,"k":0,"ix":4},"sa":{"a":0,"k":0,"ix":5},"nm":"Transform"}],"nm":"Group 3","np":2,"cix":2,"bm":0,"ix":3,"mn":"ADBE Vector Group","hd":false},{"ty":"gr","it":[{"ind":0,"ty":"sh","ix":1,"ks":{"a":0,"k":{"i":[[0,0],[0,0],[0,0]],"o":[[0,0],[0,0],[0,0]],"v":[[-0.004,0.004],[0.005,0.004],[0.005,-0.004]],"c":true},"ix":2},"nm":"Path 1","mn":"ADBE Vector Shape - Group","hd":false},{"ty":"fl","c":{"a":0,"k":[0.622615500057,0.473918211694,0.342376738904,1],"ix":4},"o":{"a":0,"k":100,"ix":5},"r":1,"bm":0,"nm":"Fill 1","mn":"ADBE Vector Graphic - Fill","hd":false},{"ty":"tr","p":{"a":0,"k":[180.581,203.587],"ix":2},"a":{"a":0,"k":[0,0],"ix":1},"s":{"a":0,"k":[100,100],"ix":3},"r":{"a":0,"k":0,"ix":6},"o":{"a":0,"k":100,"ix":7},"sk":{"a":0,"k":0,"ix":4},"sa":{"a":0,"k":0,"ix":5},"nm":"Transform"}],"nm":"Group 4","np":2,"cix":2,"bm":0,"ix":4,"mn":"ADBE Vector Group","hd":false},{"ty":"gr","it":[{"ind":0,"ty":"sh","ix":1,"ks":{"a":0,"k":{"i":[[0,0],[0,0]],"o":[[0,0],[0,0]],"v":[[180.585,181.144],[180.585,181.135]],"c":true},"ix":2},"nm":"Path 1","mn":"ADBE Vector Shape - Group","hd":false},{"ty":"fl","c":{"a":0,"k":[0.622615500057,0.473918211694,0.342376738904,1],"ix":4},"o":{"a":0,"k":100,"ix":5},"r":1,"bm":0,"nm":"Fill 1","mn":"ADBE Vector Graphic - Fill","hd":false},{"ty":"tr","p":{"a":0,"k":[0,0],"ix":2},"a":{"a":0,"k":[0,0],"ix":1},"s":{"a":0,"k":[100,100],"ix":3},"r":{"a":0,"k":0,"ix":6},"o":{"a":0,"k":100,"ix":7},"sk":{"a":0,"k":0,"ix":4},"sa":{"a":0,"k":0,"ix":5},"nm":"Transform"}],"nm":"Group 5","np":2,"cix":2,"bm":0,"ix":5,"mn":"ADBE Vector Group","hd":false},{"ty":"gr","it":[{"ind":0,"ty":"sh","ix":1,"ks":{"a":0,"k":{"i":[[0,0],[0,0],[0,0],[0,-7.48],[0,0],[0,0],[-2.843,-0.077],[0.028,2.014],[-0.08,5.819],[1.819,-0.05],[1.424,0.006],[1.421,0.002]],"o":[[0,0],[0,0],[0,7.479],[0,0],[0,0],[2.845,-0.002],[1.819,0.05],[-0.08,-5.819],[0.028,-2.014],[-1.423,0.038],[-1.421,-0.006],[0,0]],"v":[[-5.63,-11.219],[-5.63,-11.219],[-5.639,-11.219],[-5.639,11.22],[-5.63,11.22],[-5.63,11.228],[2.904,11.242],[5.611,8.73],[5.611,-8.729],[2.904,-11.241],[-1.367,-11.205],[-5.63,-11.228]],"c":true},"ix":2},"nm":"Path 1","mn":"ADBE Vector Shape - Group","hd":false},{"ty":"fl","c":{"a":0,"k":[0.622615500057,0.473918211694,0.342376738904,1],"ix":4},"o":{"a":0,"k":100,"ix":5},"r":1,"bm":0,"nm":"Fill 1","mn":"ADBE Vector Graphic - Fill","hd":false},{"ty":"tr","p":{"a":0,"k":[186.215,192.363],"ix":2},"a":{"a":0,"k":[0,0],"ix":1},"s":{"a":0,"k":[100,100],"ix":3},"r":{"a":0,"k":0,"ix":6},"o":{"a":0,"k":100,"ix":7},"sk":{"a":0,"k":0,"ix":4},"sa":{"a":0,"k":0,"ix":5},"nm":"Transform"}],"nm":"Group 6","np":2,"cix":2,"bm":0,"ix":6,"mn":"ADBE Vector Group","hd":false},{"ty":"gr","it":[{"ind":0,"ty":"sh","ix":1,"ks":{"a":0,"k":{"i":[[6.326,0.127],[-0.099,-2.77],[0.191,-5.331],[-2.441,0.049],[-6.328,0.001],[0,7.48]],"o":[[-2.441,-0.049],[0.191,5.331],[-0.099,2.77],[6.326,-0.127],[0,-7.48],[-6.328,-0.001]],"v":[[-7.684,-11.266],[-11.2,-8.004],[-11.2,8.005],[-7.684,11.266],[11.299,11.22],[11.299,-11.22]],"c":true},"ix":2},"nm":"Path 1","mn":"ADBE Vector Shape - Group","hd":false},{"ty":"fl","c":{"a":0,"k":[0.538685398476,0.407165557263,0.285526170918,1],"ix":4},"o":{"a":0,"k":100,"ix":5},"r":1,"bm":0,"nm":"Fill 1","mn":"ADBE Vector Graphic - Fill","hd":false},{"ty":"tr","p":{"a":0,"k":[169.277,192.363],"ix":2},"a":{"a":0,"k":[0,0],"ix":1},"s":{"a":0,"k":[100,100],"ix":3},"r":{"a":0,"k":0,"ix":6},"o":{"a":0,"k":100,"ix":7},"sk":{"a":0,"k":0,"ix":4},"sa":{"a":0,"k":0,"ix":5},"nm":"Transform"}],"nm":"Group 7","np":2,"cix":2,"bm":0,"ix":7,"mn":"ADBE Vector Group","hd":false},{"ty":"gr","it":[{"ind":0,"ty":"sh","ix":1,"ks":{"a":0,"k":{"i":[[0,6.79],[0.002,-6.791]],"o":[[0,6.79],[0.003,-6.791]],"v":[[-0.008,-10.186],[0.005,10.186]],"c":true},"ix":2},"nm":"Path 1","mn":"ADBE Vector Shape - Group","hd":false},{"ty":"fl","c":{"a":0,"k":[0.538685398476,0.407165557263,0.285526170918,1],"ix":4},"o":{"a":0,"k":100,"ix":5},"r":1,"bm":0,"nm":"Fill 1","mn":"ADBE Vector Graphic - Fill","hd":false},{"ty":"tr","p":{"a":0,"k":[191.785,260.614],"ix":2},"a":{"a":0,"k":[0,0],"ix":1},"s":{"a":0,"k":[100,100],"ix":3},"r":{"a":0,"k":0,"ix":6},"o":{"a":0,"k":100,"ix":7},"sk":{"a":0,"k":0,"ix":4},"sa":{"a":0,"k":0,"ix":5},"nm":"Transform"}],"nm":"Group 8","np":2,"cix":2,"bm":0,"ix":8,"mn":"ADBE Vector Group","hd":false},{"ty":"gr","it":[{"ind":0,"ty":"sh","ix":1,"ks":{"a":0,"k":{"i":[[0,0],[0,0],[0,0]],"o":[[0,0],[0,0],[0,0]],"v":[[180.585,181.135],[180.576,181.135],[180.577,181.135]],"c":true},"ix":2},"nm":"Path 1","mn":"ADBE Vector Shape - Group","hd":false},{"ty":"fl","c":{"a":0,"k":[0.538685398476,0.407165557263,0.285526170918,1],"ix":4},"o":{"a":0,"k":100,"ix":5},"r":1,"bm":0,"nm":"Fill 1","mn":"ADBE Vector Graphic - Fill","hd":false},{"ty":"tr","p":{"a":0,"k":[0,0],"ix":2},"a":{"a":0,"k":[0,0],"ix":1},"s":{"a":0,"k":[100,100],"ix":3},"r":{"a":0,"k":0,"ix":6},"o":{"a":0,"k":100,"ix":7},"sk":{"a":0,"k":0,"ix":4},"sa":{"a":0,"k":0,"ix":5},"nm":"Transform"}],"nm":"Group 9","np":2,"cix":2,"bm":0,"ix":9,"mn":"ADBE Vector Group","hd":false},{"ty":"gr","it":[{"ind":0,"ty":"sh","ix":1,"ks":{"a":0,"k":{"i":[[0.009,1.62],[0.002,-1.62]],"o":[[0.009,1.62],[0.002,-1.62]],"v":[[-0.005,-2.43],[0.003,2.43]],"c":true},"ix":2},"nm":"Path 1","mn":"ADBE Vector Shape - Group","hd":false},{"ty":"fl","c":{"a":0,"k":[0.538685398476,0.407165557263,0.285526170918,1],"ix":4},"o":{"a":0,"k":100,"ix":5},"r":1,"bm":0,"nm":"Fill 1","mn":"ADBE Vector Graphic - Fill","hd":false},{"ty":"tr","p":{"a":0,"k":[180.601,168.995],"ix":2},"a":{"a":0,"k":[0,0],"ix":1},"s":{"a":0,"k":[100,100],"ix":3},"r":{"a":0,"k":0,"ix":6},"o":{"a":0,"k":100,"ix":7},"sk":{"a":0,"k":0,"ix":4},"sa":{"a":0,"k":0,"ix":5},"nm":"Transform"}],"nm":"Group 10","np":2,"cix":2,"bm":0,"ix":10,"mn":"ADBE Vector Group","hd":false},{"ty":"gr","it":[{"ind":0,"ty":"sh","ix":1,"ks":{"a":0,"k":{"i":[[4.478,-1.387],[-4.327,1.897],[0,0]],"o":[[4.478,-1.387],[0,0],[-4.327,1.898]],"v":[[-6.589,2.509],[6.589,-2.509],[6.589,-2.509]],"c":true},"ix":2},"nm":"Path 1","mn":"ADBE Vector Shape - Group","hd":false},{"ty":"fl","c":{"a":0,"k":[0.538685398476,0.407165557263,0.285526170918,1],"ix":4},"o":{"a":0,"k":100,"ix":5},"r":1,"bm":0,"nm":"Fill 1","mn":"ADBE Vector Graphic - Fill","hd":false},{"ty":"tr","p":{"a":0,"k":[221.103,265.133],"ix":2},"a":{"a":0,"k":[0,0],"ix":1},"s":{"a":0,"k":[100,100],"ix":3},"r":{"a":0,"k":0,"ix":6},"o":{"a":0,"k":100,"ix":7},"sk":{"a":0,"k":0,"ix":4},"sa":{"a":0,"k":0,"ix":5},"nm":"Transform"}],"nm":"Group 11","np":2,"cix":2,"bm":0,"ix":11,"mn":"ADBE Vector Group","hd":false},{"ty":"gr","it":[{"ind":0,"ty":"sh","ix":1,"ks":{"a":0,"k":{"i":[[-2.266,0.602],[2.333,-0.383]],"o":[[-2.266,0.602],[2.333,-0.383]],"v":[[3.448,-0.743],[-3.448,0.743]],"c":true},"ix":2},"nm":"Path 1","mn":"ADBE Vector Shape - Group","hd":false},{"ty":"fl","c":{"a":0,"k":[0.538685398476,0.407165557263,0.285526170918,1],"ix":4},"o":{"a":0,"k":100,"ix":5},"r":1,"bm":0,"nm":"Fill 1","mn":"ADBE Vector Graphic - Fill","hd":false},{"ty":"tr","p":{"a":0,"k":[207.689,269.359],"ix":2},"a":{"a":0,"k":[0,0],"ix":1},"s":{"a":0,"k":[100,100],"ix":3},"r":{"a":0,"k":0,"ix":6},"o":{"a":0,"k":100,"ix":7},"sk":{"a":0,"k":0,"ix":4},"sa":{"a":0,"k":0,"ix":5},"nm":"Transform"}],"nm":"Group 12","np":2,"cix":2,"bm":0,"ix":12,"mn":"ADBE Vector Group","hd":false},{"ty":"gr","it":[{"ind":0,"ty":"sh","ix":1,"ks":{"a":0,"k":{"i":[[-0.716,0.009],[0.721,-0.035]],"o":[[-0.716,0.009],[0.721,-0.035]],"v":[[1.078,-0.033],[-1.078,0.033]],"c":true},"ix":2},"nm":"Path 1","mn":"ADBE Vector Shape - Group","hd":false},{"ty":"fl","c":{"a":0,"k":[0.538685398476,0.407165557263,0.285526170918,1],"ix":4},"o":{"a":0,"k":100,"ix":5},"r":1,"bm":0,"nm":"Fill 1","mn":"ADBE Vector Graphic - Fill","hd":false},{"ty":"tr","p":{"a":0,"k":[192.868,113.893],"ix":2},"a":{"a":0,"k":[0,0],"ix":1},"s":{"a":0,"k":[100,100],"ix":3},"r":{"a":0,"k":0,"ix":6},"o":{"a":0,"k":100,"ix":7},"sk":{"a":0,"k":0,"ix":4},"sa":{"a":0,"k":0,"ix":5},"nm":"Transform"}],"nm":"Group 13","np":2,"cix":2,"bm":0,"ix":13,"mn":"ADBE Vector Group","hd":false},{"ty":"gr","it":[{"ind":0,"ty":"sh","ix":1,"ks":{"a":0,"k":{"i":[],"o":[],"v":[],"c":true},"ix":2},"nm":"Path 1","mn":"ADBE Vector Shape - Group","hd":false},{"ty":"fl","c":{"a":0,"k":[0.538685398476,0.407165557263,0.285526170918,1],"ix":4},"o":{"a":0,"k":100,"ix":5},"r":1,"bm":0,"nm":"Fill 1","mn":"ADBE Vector Graphic - Fill","hd":false},{"ty":"tr","p":{"a":0,"k":[0.5,0.5],"ix":2},"a":{"a":0,"k":[0,0],"ix":1},"s":{"a":0,"k":[100,100],"ix":3},"r":{"a":0,"k":0,"ix":6},"o":{"a":0,"k":100,"ix":7},"sk":{"a":0,"k":0,"ix":4},"sa":{"a":0,"k":0,"ix":5},"nm":"Transform"}],"nm":"Group 14","np":2,"cix":2,"bm":0,"ix":14,"mn":"ADBE Vector Group","hd":false},{"ty":"gr","it":[{"ind":0,"ty":"sh","ix":1,"ks":{"a":0,"k":{"i":[[-2.966,-1.786],[0,0],[2.965,1.785],[0,0]],"o":[[0,0],[-2.966,-1.786],[0,0],[2.966,1.785]],"v":[[4.45,2.678],[4.45,2.678],[-4.449,-2.678],[-4.45,-2.678]],"c":true},"ix":2},"nm":"Path 1","mn":"ADBE Vector Shape - Group","hd":false},{"ty":"fl","c":{"a":0,"k":[0.538685398476,0.407165557263,0.285526170918,1],"ix":4},"o":{"a":0,"k":100,"ix":5},"r":1,"bm":0,"nm":"Fill 1","mn":"ADBE Vector Graphic - Fill","hd":false},{"ty":"tr","p":{"a":0,"k":[232.149,124.759],"ix":2},"a":{"a":0,"k":[0,0],"ix":1},"s":{"a":0,"k":[100,100],"ix":3},"r":{"a":0,"k":0,"ix":6},"o":{"a":0,"k":100,"ix":7},"sk":{"a":0,"k":0,"ix":4},"sa":{"a":0,"k":0,"ix":5},"nm":"Transform"}],"nm":"Group 15","np":2,"cix":2,"bm":0,"ix":15,"mn":"ADBE Vector Group","hd":false},{"ty":"gr","it":[{"ind":0,"ty":"sh","ix":1,"ks":{"a":0,"k":{"i":[[0,0],[0,0]],"o":[[0,0],[0,0]],"v":[[-4.451,2.676],[4.451,-2.677]],"c":true},"ix":2},"nm":"Path 1","mn":"ADBE Vector Shape - Group","hd":false},{"ty":"fl","c":{"a":0,"k":[0.538685398476,0.407165557263,0.285526170918,1],"ix":4},"o":{"a":0,"k":100,"ix":5},"r":1,"bm":0,"nm":"Fill 1","mn":"ADBE Vector Graphic - Fill","hd":false},{"ty":"tr","p":{"a":0,"k":[232.144,259.949],"ix":2},"a":{"a":0,"k":[0,0],"ix":1},"s":{"a":0,"k":[100,100],"ix":3},"r":{"a":0,"k":0,"ix":6},"o":{"a":0,"k":100,"ix":7},"sk":{"a":0,"k":0,"ix":4},"sa":{"a":0,"k":0,"ix":5},"nm":"Transform"}],"nm":"Group 16","np":2,"cix":2,"bm":0,"ix":16,"mn":"ADBE Vector Group","hd":false},{"ty":"gr","it":[{"ind":0,"ty":"sh","ix":1,"ks":{"a":0,"k":{"i":[[1.622,2.043],[-1.421,-2.211]],"o":[[1.622,2.043],[-1.421,-2.211]],"v":[[-2.284,-3.19],[2.284,3.19]],"c":true},"ix":2},"nm":"Path 1","mn":"ADBE Vector Shape - Group","hd":false},{"ty":"fl","c":{"a":0,"k":[0.538685398476,0.407165557263,0.285526170918,1],"ix":4},"o":{"a":0,"k":100,"ix":5},"r":1,"bm":0,"nm":"Fill 1","mn":"ADBE Vector Graphic - Fill","hd":false},{"ty":"tr","p":{"a":0,"k":[255.9,146.996],"ix":2},"a":{"a":0,"k":[0,0],"ix":1},"s":{"a":0,"k":[100,100],"ix":3},"r":{"a":0,"k":0,"ix":6},"o":{"a":0,"k":100,"ix":7},"sk":{"a":0,"k":0,"ix":4},"sa":{"a":0,"k":0,"ix":5},"nm":"Transform"}],"nm":"Group 17","np":2,"cix":2,"bm":0,"ix":17,"mn":"ADBE Vector Group","hd":false},{"ty":"gr","it":[{"ind":0,"ty":"sh","ix":1,"ks":{"a":0,"k":{"i":[[6.418,4.839],[-4.865,-6.13]],"o":[[6.418,4.839],[-4.865,-6.13]],"v":[[-8.508,-8.185],[8.508,8.185]],"c":true},"ix":2},"nm":"Path 1","mn":"ADBE Vector Shape - Group","hd":false},{"ty":"fl","c":{"a":0,"k":[0.538685398476,0.407165557263,0.285526170918,1],"ix":4},"o":{"a":0,"k":100,"ix":5},"r":1,"bm":0,"nm":"Fill 1","mn":"ADBE Vector Graphic - Fill","hd":false},{"ty":"tr","p":{"a":0,"k":[245.108,135.622],"ix":2},"a":{"a":0,"k":[0,0],"ix":1},"s":{"a":0,"k":[100,100],"ix":3},"r":{"a":0,"k":0,"ix":6},"o":{"a":0,"k":100,"ix":7},"sk":{"a":0,"k":0,"ix":4},"sa":{"a":0,"k":0,"ix":5},"nm":"Transform"}],"nm":"Group 18","np":2,"cix":2,"bm":0,"ix":18,"mn":"ADBE Vector Group","hd":false},{"ty":"gr","it":[{"ind":0,"ty":"sh","ix":1,"ks":{"a":0,"k":{"i":[],"o":[],"v":[],"c":true},"ix":2},"nm":"Path 1","mn":"ADBE Vector Shape - Group","hd":false},{"ty":"fl","c":{"a":0,"k":[0.538685398476,0.407165557263,0.285526170918,1],"ix":4},"o":{"a":0,"k":100,"ix":5},"r":1,"bm":0,"nm":"Fill 1","mn":"ADBE Vector Graphic - Fill","hd":false},{"ty":"tr","p":{"a":0,"k":[0.5,0.5],"ix":2},"a":{"a":0,"k":[0,0],"ix":1},"s":{"a":0,"k":[100,100],"ix":3},"r":{"a":0,"k":0,"ix":6},"o":{"a":0,"k":100,"ix":7},"sk":{"a":0,"k":0,"ix":4},"sa":{"a":0,"k":0,"ix":5},"nm":"Transform"}],"nm":"Group 19","np":2,"cix":2,"bm":0,"ix":19,"mn":"ADBE Vector Group","hd":false},{"ty":"gr","it":[{"ind":0,"ty":"sh","ix":1,"ks":{"a":0,"k":{"i":[[3.848,8.331],[1.896,2.949],[1.622,2.044],[6.418,4.839],[2.966,1.785],[1.014,0.444],[6.175,1.196],[4.296,-0.053],[0.722,-0.036],[-0.003,-12.087],[8.29,-0.211],[-0.037,-2.23],[-0.009,-1.62],[0.002,-1.62],[-0.001,-3.237],[-1.421,-0.006],[-1.423,0.038],[0.028,-2.014],[-0.08,-5.82],[1.819,0.05],[2.845,-0.002],[0.001,-4.98],[-7.417,0.18],[0.03,-2.957],[0,-6.791],[0.002,-6.791],[-2.984,0.321],[-1.166,0.191],[-2.266,0.602],[-1.119,0.347],[-4.327,1.897],[0,0],[0,0],[0,0],[-2.563,2.34],[-3.816,6.24],[-1.064,2.184],[-0.482,1.117],[-0.985,8.995],[0.015,4.241]],"o":[[-1.512,-3.274],[-1.421,-2.212],[-4.865,-6.129],[-2.966,-1.786],[-1.029,-0.412],[-5.886,-2.576],[-4.117,-0.798],[-0.716,0.009],[0.005,12.085],[0.002,8.155],[-2.314,0.058],[0.027,1.619],[0.009,1.619],[-0.003,3.237],[1.421,0.001],[1.424,0.005],[1.819,-0.049],[-0.08,5.819],[0.028,2.013],[-2.843,-0.077],[-0.002,4.981],[-0.001,7.429],[3.277,-0.079],[-0.071,6.79],[-0.001,6.79],[2.981,0.183],[1.186,-0.127],[2.334,-0.382],[1.134,-0.3],[4.477,-1.386],[0,0],[0,0],[0,0],[2.676,-2.215],[5.769,-5.267],[1.273,-2.08],[0.533,-1.09],[3.369,-7.817],[-0.014,-4.242],[-1.259,-9.015]],"v":[[37.823,-32.883],[32.702,-42.209],[28.135,-48.589],[11.118,-64.958],[2.218,-70.314],[-0.867,-71.554],[-18.925,-77.371],[-31.535,-78.535],[-33.692,-78.468],[-33.677,-42.21],[-41.965,-33.758],[-44.938,-30.689],[-44.886,-25.83],[-44.877,-20.971],[-44.896,-11.26],[-40.632,-11.237],[-36.361,-11.274],[-33.654,-8.762],[-33.654,8.698],[-36.361,11.209],[-44.896,11.196],[-44.901,26.139],[-37.48,33.561],[-33.617,37.66],[-33.705,58.033],[-33.691,78.405],[-24.768,78.186],[-21.24,77.707],[-14.345,76.22],[-10.967,75.247],[2.211,70.229],[2.211,70.23],[2.212,70.23],[11.115,64.877],[19.124,58.212],[33.47,40.934],[36.975,34.538],[38.496,31.226],[44.975,5.98],[44.931,-6.745]],"c":true},"ix":2},"nm":"Path 1","mn":"ADBE Vector Shape - Group","hd":false},{"ty":"fl","c":{"a":0,"k":[0.538685398476,0.407165557263,0.285526170918,1],"ix":4},"o":{"a":0,"k":100,"ix":5},"r":1,"bm":0,"nm":"Fill 1","mn":"ADBE Vector Graphic - Fill","hd":false},{"ty":"tr","p":{"a":0,"k":[225.482,192.395],"ix":2},"a":{"a":0,"k":[0,0],"ix":1},"s":{"a":0,"k":[100,100],"ix":3},"r":{"a":0,"k":0,"ix":6},"o":{"a":0,"k":100,"ix":7},"sk":{"a":0,"k":0,"ix":4},"sa":{"a":0,"k":0,"ix":5},"nm":"Transform"}],"nm":"Group 20","np":2,"cix":2,"bm":0,"ix":20,"mn":"ADBE Vector Group","hd":false},{"ty":"gr","it":[{"ind":0,"ty":"sh","ix":1,"ks":{"a":0,"k":{"i":[[-8.36,1.334],[7.818,-3.603],[0,0]],"o":[[-8.36,1.333],[0,0],[7.818,-3.603]],"v":[[12.117,-3.776],[-12.117,3.775],[-12.117,3.776]],"c":true},"ix":2},"nm":"Path 1","mn":"ADBE Vector Shape - Group","hd":false},{"ty":"fl","c":{"a":0,"k":[0.622615500057,0.473918211694,0.342376738904,1],"ix":4},"o":{"a":0,"k":100,"ix":5},"r":1,"bm":0,"nm":"Fill 1","mn":"ADBE Vector Graphic - Fill","hd":false},{"ty":"tr","p":{"a":0,"k":[168.11,118.425],"ix":2},"a":{"a":0,"k":[0,0],"ix":1},"s":{"a":0,"k":[100,100],"ix":3},"r":{"a":0,"k":0,"ix":6},"o":{"a":0,"k":100,"ix":7},"sk":{"a":0,"k":0,"ix":4},"sa":{"a":0,"k":0,"ix":5},"nm":"Transform"}],"nm":"Group 21","np":2,"cix":2,"bm":0,"ix":21,"mn":"ADBE Vector Group","hd":false},{"ty":"gr","it":[{"ind":0,"ty":"sh","ix":1,"ks":{"a":0,"k":{"i":[[-0.008,-0.077],[0,0]],"o":[[-0.008,-0.077],[0,0]],"v":[[0.013,0.116],[-0.013,-0.115]],"c":true},"ix":2},"nm":"Path 1","mn":"ADBE Vector Shape - Group","hd":false},{"ty":"fl","c":{"a":0,"k":[0.622615500057,0.473918211694,0.342376738904,1],"ix":4},"o":{"a":0,"k":100,"ix":5},"r":1,"bm":0,"nm":"Fill 1","mn":"ADBE Vector Graphic - Fill","hd":false},{"ty":"tr","p":{"a":0,"k":[191.803,270.916],"ix":2},"a":{"a":0,"k":[0,0],"ix":1},"s":{"a":0,"k":[100,100],"ix":3},"r":{"a":0,"k":0,"ix":6},"o":{"a":0,"k":100,"ix":7},"sk":{"a":0,"k":0,"ix":4},"sa":{"a":0,"k":0,"ix":5},"nm":"Transform"}],"nm":"Group 22","np":2,"cix":2,"bm":0,"ix":22,"mn":"ADBE Vector Group","hd":false},{"ty":"gr","it":[{"ind":0,"ty":"sh","ix":1,"ks":{"a":0,"k":{"i":[[0,0],[0,0],[0,0]],"o":[[0,0],[0,0],[0.01,-0.078]],"v":[[0.01,-0.087],[0.01,-0.087],[-0.011,0.087]],"c":true},"ix":2},"nm":"Path 1","mn":"ADBE Vector Shape - Group","hd":false},{"ty":"fl","c":{"a":0,"k":[0.622615500057,0.473918211694,0.342376738904,1],"ix":4},"o":{"a":0,"k":100,"ix":5},"r":1,"bm":0,"nm":"Fill 1","mn":"ADBE Vector Graphic - Fill","hd":false},{"ty":"tr","p":{"a":0,"k":[191.812,113.738],"ix":2},"a":{"a":0,"k":[0,0],"ix":1},"s":{"a":0,"k":[100,100],"ix":3},"r":{"a":0,"k":0,"ix":6},"o":{"a":0,"k":100,"ix":7},"sk":{"a":0,"k":0,"ix":4},"sa":{"a":0,"k":0,"ix":5},"nm":"Transform"}],"nm":"Group 23","np":2,"cix":2,"bm":0,"ix":23,"mn":"ADBE Vector Group","hd":false},{"ty":"gr","it":[{"ind":0,"ty":"sh","ix":1,"ks":{"a":0,"k":{"i":[[0,0],[0,0]],"o":[[0,0],[0,0]],"v":[[113.28,185.69],[113.28,185.691]],"c":true},"ix":2},"nm":"Path 1","mn":"ADBE Vector Shape - Group","hd":false},{"ty":"fl","c":{"a":0,"k":[0.622615500057,0.473918211694,0.342376738904,1],"ix":4},"o":{"a":0,"k":100,"ix":5},"r":1,"bm":0,"nm":"Fill 1","mn":"ADBE Vector Graphic - Fill","hd":false},{"ty":"tr","p":{"a":0,"k":[0,0],"ix":2},"a":{"a":0,"k":[0,0],"ix":1},"s":{"a":0,"k":[100,100],"ix":3},"r":{"a":0,"k":0,"ix":6},"o":{"a":0,"k":100,"ix":7},"sk":{"a":0,"k":0,"ix":4},"sa":{"a":0,"k":0,"ix":5},"nm":"Transform"}],"nm":"Group 24","np":2,"cix":2,"bm":0,"ix":24,"mn":"ADBE Vector Group","hd":false},{"ty":"gr","it":[{"ind":0,"ty":"sh","ix":1,"ks":{"a":0,"k":{"i":[[0,0],[-1.678,5.521],[0.907,-5.708]],"o":[[0.907,-5.709],[-1.678,5.521],[0,0]],"v":[[-1.794,8.454],[1.794,-8.454],[-1.794,8.453]],"c":true},"ix":2},"nm":"Path 1","mn":"ADBE Vector Shape - Group","hd":false},{"ty":"fl","c":{"a":0,"k":[0.622615500057,0.473918211694,0.342376738904,1],"ix":4},"o":{"a":0,"k":100,"ix":5},"r":1,"bm":0,"nm":"Fill 1","mn":"ADBE Vector Graphic - Fill","hd":false},{"ty":"tr","p":{"a":0,"k":[115.074,177.237],"ix":2},"a":{"a":0,"k":[0,0],"ix":1},"s":{"a":0,"k":[100,100],"ix":3},"r":{"a":0,"k":0,"ix":6},"o":{"a":0,"k":100,"ix":7},"sk":{"a":0,"k":0,"ix":4},"sa":{"a":0,"k":0,"ix":5},"nm":"Transform"}],"nm":"Group 25","np":2,"cix":2,"bm":0,"ix":25,"mn":"ADBE Vector Group","hd":false},{"ty":"gr","it":[{"ind":0,"ty":"sh","ix":1,"ks":{"a":0,"k":{"i":[[-0.016,4.232],[0.016,-4.233]],"o":[[-0.016,4.232],[0.016,-4.233]],"v":[[0.024,-6.348],[-0.024,6.349]],"c":true},"ix":2},"nm":"Path 1","mn":"ADBE Vector Shape - Group","hd":false},{"ty":"fl","c":{"a":0,"k":[0.622615500057,0.473918211694,0.342376738904,1],"ix":4},"o":{"a":0,"k":100,"ix":5},"r":1,"bm":0,"nm":"Fill 1","mn":"ADBE Vector Graphic - Fill","hd":false},{"ty":"tr","p":{"a":0,"k":[113.256,192.04],"ix":2},"a":{"a":0,"k":[0,0],"ix":1},"s":{"a":0,"k":[100,100],"ix":3},"r":{"a":0,"k":0,"ix":6},"o":{"a":0,"k":100,"ix":7},"sk":{"a":0,"k":0,"ix":4},"sa":{"a":0,"k":0,"ix":5},"nm":"Transform"}],"nm":"Group 26","np":2,"cix":2,"bm":0,"ix":26,"mn":"ADBE Vector Group","hd":false},{"ty":"gr","it":[{"ind":0,"ty":"sh","ix":1,"ks":{"a":0,"k":{"i":[[0,6.79],[-0.07,6.79],[3.276,-0.079],[-0.001,7.429],[-0.001,4.982],[0,0],[0,0],[6.325,-0.127],[-0.099,2.771],[0.19,5.331],[-2.441,-0.049],[-6.328,-0.001],[0,0],[0,0],[0,0],[-0.003,3.236],[0.009,1.62],[0.026,1.619],[-2.314,0.059],[0.002,8.156],[0.005,12.086],[-0.006,0.054],[0,0],[3.799,-0.606],[7.818,-3.603],[0,0],[0,0],[3.021,-1.866],[5.919,-14.599],[0.558,-1.84],[0.907,-5.709],[0.016,-4.232],[-0.826,-3.62],[-1.291,-3.436],[-1.052,-2.164],[-11.276,-8.229],[-3.025,-1.856],[-3.656,-1.204],[-3,-0.65],[-1.519,-0.243],[-3.931,-0.054],[0,0],[0,0]],"o":[[0,-6.791],[0.03,-2.957],[-7.417,0.18],[0,-4.98],[0,0],[0,0],[-6.327,0.001],[-2.442,0.049],[0.19,-5.33],[-0.099,-2.77],[6.326,0.127],[0,0],[0,0],[0,0],[0,-3.237],[0.002,-1.621],[-0.008,-1.619],[-0.038,-2.23],[8.29,-0.21],[-0.003,-12.086],[0,0],[0,0],[-3.933,0.049],[-8.36,1.334],[0,0],[-0.001,0.001],[-3.021,1.864],[-12.707,9.207],[-0.73,1.8],[-1.678,5.521],[-0.016,4.232],[0.62,3.666],[0.851,3.729],[0.861,2.292],[5.788,11.902],[3.026,1.856],[3.55,1.65],[2.924,0.963],[1.5,0.325],[3.799,0.606],[0,0],[-0.008,-0.078],[0.002,-6.791]],"v":[[39.213,58.064],[39.301,37.693],[35.439,33.592],[28.018,26.171],[28.022,11.228],[28.013,11.228],[28.013,11.219],[9.031,11.266],[5.515,8.004],[5.515,-8.005],[9.03,-11.266],[28.014,-11.221],[28.014,-11.229],[28.013,-11.229],[28.022,-11.229],[28.041,-20.938],[28.032,-25.798],[27.981,-30.656],[30.953,-33.726],[39.241,-42.178],[39.227,-78.437],[39.239,-78.538],[39.259,-78.712],[27.664,-77.714],[3.431,-70.162],[3.431,-70.163],[3.43,-70.162],[-5.632,-64.568],[-33.771,-29.044],[-35.694,-23.58],[-39.283,-6.673],[-39.331,6.025],[-37.443,17.018],[-34.227,27.765],[-31.357,34.448],[-5.632,64.567],[3.445,70.137],[14.251,74.43],[23.136,76.857],[27.665,77.708],[39.258,78.711],[39.253,78.669],[39.227,78.437]],"c":true},"ix":2},"nm":"Path 1","mn":"ADBE Vector Shape - Group","hd":false},{"ty":"fl","c":{"a":0,"k":[0.622615500057,0.473918211694,0.342376738904,1],"ix":4},"o":{"a":0,"k":100,"ix":5},"r":1,"bm":0,"nm":"Fill 1","mn":"ADBE Vector Graphic - Fill","hd":false},{"ty":"tr","p":{"a":0,"k":[152.563,192.363],"ix":2},"a":{"a":0,"k":[0,0],"ix":1},"s":{"a":0,"k":[100,100],"ix":3},"r":{"a":0,"k":0,"ix":6},"o":{"a":0,"k":100,"ix":7},"sk":{"a":0,"k":0,"ix":4},"sa":{"a":0,"k":0,"ix":5},"nm":"Transform"}],"nm":"Group 27","np":2,"cix":2,"bm":0,"ix":27,"mn":"ADBE Vector Group","hd":false},{"ty":"gr","it":[{"ind":0,"ty":"sh","ix":1,"ks":{"a":0,"k":{"i":[[-0.058,0.241],[0,0],[0.125,-0.198]],"o":[[0,0],[-0.058,0.242],[0.125,-0.198]],"v":[[0.091,-0.359],[0.091,-0.359],[-0.09,0.359]],"c":true},"ix":2},"nm":"Path 1","mn":"ADBE Vector Shape - Group","hd":false},{"ty":"fl","c":{"a":0,"k":[0.967593742819,0.806914744658,0.173964721081,1],"ix":4},"o":{"a":0,"k":100,"ix":5},"r":1,"bm":0,"nm":"Fill 1","mn":"ADBE Vector Graphic - Fill","hd":false},{"ty":"tr","p":{"a":0,"k":[146.841,257.29],"ix":2},"a":{"a":0,"k":[0,0],"ix":1},"s":{"a":0,"k":[100,100],"ix":3},"r":{"a":0,"k":0,"ix":6},"o":{"a":0,"k":100,"ix":7},"sk":{"a":0,"k":0,"ix":4},"sa":{"a":0,"k":0,"ix":5},"nm":"Transform"}],"nm":"Group 28","np":2,"cix":2,"bm":0,"ix":28,"mn":"ADBE Vector Group","hd":false},{"ty":"gr","it":[{"ind":0,"ty":"sh","ix":1,"ks":{"a":0,"k":{"i":[[-2.824,14.985],[-2.893,8.165],[3.025,1.857],[0,0],[0.125,-0.198],[26.481,-3.516],[-6.868,-19.736],[-2.299,0.448],[-16.95,12.905],[0.566,1.504]],"o":[[1.623,-8.614],[-3.026,-1.857],[0,0],[-0.057,0.242],[-14.064,22.285],[-2.487,20.781],[0.809,2.322],[20.878,-4.063],[-0.517,-1.523],[-5.293,-14.056]],"v":[[28.131,-21.597],[35.932,-46.375],[26.855,-51.946],[26.855,-51.945],[26.674,-51.227],[-33.445,-11.461],[-26.557,49.252],[-22.553,51.499],[34.292,26.333],[32.736,21.767]],"c":true},"ix":2},"nm":"Path 1","mn":"ADBE Vector Shape - Group","hd":false},{"ty":"fl","c":{"a":0,"k":[0.967593742819,0.806914744658,0.173964721081,1],"ix":4},"o":{"a":0,"k":100,"ix":5},"r":1,"bm":0,"nm":"Fill 1","mn":"ADBE Vector Graphic - Fill","hd":false},{"ty":"tr","p":{"a":0,"k":[120.077,308.876],"ix":2},"a":{"a":0,"k":[0,0],"ix":1},"s":{"a":0,"k":[100,100],"ix":3},"r":{"a":0,"k":0,"ix":6},"o":{"a":0,"k":100,"ix":7},"sk":{"a":0,"k":0,"ix":4},"sa":{"a":0,"k":0,"ix":5},"nm":"Transform"}],"nm":"Group 29","np":2,"cix":2,"bm":0,"ix":29,"mn":"ADBE Vector Group","hd":false},{"ty":"gr","it":[{"ind":0,"ty":"sh","ix":1,"ks":{"a":0,"k":{"i":[[3.584,-0.465],[-3.594,0.409]],"o":[[3.584,-0.465],[-3.594,0.409]],"v":[[-5.4,0.567],[5.4,-0.568]],"c":true},"ix":2},"nm":"Path 1","mn":"ADBE Vector Shape - Group","hd":false},{"ty":"fl","c":{"a":0,"k":[0.9667783251,0.888798552868,0.311742864871,1],"ix":4},"o":{"a":0,"k":100,"ix":5},"r":1,"bm":0,"nm":"Fill 1","mn":"ADBE Vector Graphic - Fill","hd":false},{"ty":"tr","p":{"a":0,"k":[107.832,198.955],"ix":2},"a":{"a":0,"k":[0,0],"ix":1},"s":{"a":0,"k":[100,100],"ix":3},"r":{"a":0,"k":0,"ix":6},"o":{"a":0,"k":100,"ix":7},"sk":{"a":0,"k":0,"ix":4},"sa":{"a":0,"k":0,"ix":5},"nm":"Transform"}],"nm":"Group 30","np":2,"cix":2,"bm":0,"ix":30,"mn":"ADBE Vector Group","hd":false},{"ty":"gr","it":[{"ind":0,"ty":"sh","ix":1,"ks":{"a":0,"k":{"i":[[-14.064,22.285],[-0.057,0.242],[5.787,11.902],[0.861,2.292],[0.851,3.729],[0.62,3.666],[3.584,-0.465],[1.184,-0.213],[12.746,-14.751],[1.147,-0.071],[0.572,-0.77],[3.928,-20.168],[-1.96,-0.675],[-21.003,2.824]],"o":[[0.125,-0.198],[-11.277,-8.23],[-1.053,-2.164],[-1.291,-3.436],[-0.827,-3.62],[-3.594,0.409],[-1.195,0.154],[-19.17,3.452],[-0.65,0.752],[0.334,1.178],[-12.316,16.551],[-0.328,1.685],[19.909,6.855],[26.481,-3.516]],"v":[[61.587,8.336],[61.768,7.618],[36.042,-22.502],[33.171,-29.185],[29.956,-39.932],[28.067,-50.925],[17.268,-49.79],[13.699,-49.245],[-34.202,-21.894],[-36.478,-20.158],[-37.622,-17.569],[-61.439,37.734],[-59.779,41.117],[1.468,48.102]],"c":true},"ix":2},"nm":"Path 1","mn":"ADBE Vector Shape - Group","hd":false},{"ty":"fl","c":{"a":0,"k":[0.9667783251,0.888798552868,0.311742864871,1],"ix":4},"o":{"a":0,"k":100,"ix":5},"r":1,"bm":0,"nm":"Fill 1","mn":"ADBE Vector Graphic - Fill","hd":false},{"ty":"tr","p":{"a":0,"k":[85.164,249.313],"ix":2},"a":{"a":0,"k":[0,0],"ix":1},"s":{"a":0,"k":[100,100],"ix":3},"r":{"a":0,"k":0,"ix":6},"o":{"a":0,"k":100,"ix":7},"sk":{"a":0,"k":0,"ix":4},"sa":{"a":0,"k":0,"ix":5},"nm":"Transform"}],"nm":"Group 31","np":2,"cix":2,"bm":0,"ix":31,"mn":"ADBE Vector Group","hd":false},{"ty":"gr","it":[{"ind":0,"ty":"sh","ix":1,"ks":{"a":0,"k":{"i":[[-0.014,36.216],[-0.006,-36.216]],"o":[[-0.014,36.216],[-0.006,-36.216]],"v":[[0.006,-54.325],[0.008,54.325]],"c":true},"ix":2},"nm":"Path 1","mn":"ADBE Vector Shape - Group","hd":false},{"ty":"fl","c":{"a":0,"k":[0.9667783251,0.888798552868,0.311742864871,1],"ix":4},"o":{"a":0,"k":100,"ix":5},"r":1,"bm":0,"nm":"Fill 1","mn":"ADBE Vector Graphic - Fill","hd":false},{"ty":"tr","p":{"a":0,"k":[191.814,59.327],"ix":2},"a":{"a":0,"k":[0,0],"ix":1},"s":{"a":0,"k":[100,100],"ix":3},"r":{"a":0,"k":0,"ix":6},"o":{"a":0,"k":100,"ix":7},"sk":{"a":0,"k":0,"ix":4},"sa":{"a":0,"k":0,"ix":5},"nm":"Transform"}],"nm":"Group 32","np":2,"cix":2,"bm":0,"ix":32,"mn":"ADBE Vector Group","hd":false},{"ty":"gr","it":[{"ind":0,"ty":"sh","ix":1,"ks":{"a":0,"k":{"i":[[-2.812,-15.009],[-0.589,-2.086],[-2.105,-6.139],[-8.36,1.334],[-3.933,0.05],[-0.014,36.216],[-1.185,0.952],[0.513,-0.473],[3.062,-3.071],[6.931,-14.252],[0.56,-1.506]],"o":[[0.404,2.157],[1.768,6.259],[7.819,-3.603],[3.8,-0.606],[-0.006,-36.216],[0.001,-1.189],[-0.947,-1.273],[-3.19,2.942],[-11.237,11.266],[-0.518,1.522],[-5.236,14.059]],"v":[[-20.799,36.217],[-19.291,42.574],[-12.984,60.975],[11.249,53.424],[22.845,52.426],[22.843,-56.223],[23.611,-59.702],[21.588,-59.295],[12.122,-50.36],[-14.603,-11.707],[-16.163,-7.143]],"c":true},"ix":2},"nm":"Path 1","mn":"ADBE Vector Shape - Group","hd":false},{"ty":"fl","c":{"a":0,"k":[0.9667783251,0.888798552868,0.311742864871,1],"ix":4},"o":{"a":0,"k":100,"ix":5},"r":1,"bm":0,"nm":"Fill 1","mn":"ADBE Vector Graphic - Fill","hd":false},{"ty":"tr","p":{"a":0,"k":[168.977,61.225],"ix":2},"a":{"a":0,"k":[0,0],"ix":1},"s":{"a":0,"k":[100,100],"ix":3},"r":{"a":0,"k":0,"ix":6},"o":{"a":0,"k":100,"ix":7},"sk":{"a":0,"k":0,"ix":4},"sa":{"a":0,"k":0,"ix":5},"nm":"Transform"}],"nm":"Group 33","np":2,"cix":2,"bm":0,"ix":33,"mn":"ADBE Vector Group","hd":false},{"ty":"gr","it":[{"ind":0,"ty":"sh","ix":1,"ks":{"a":0,"k":{"i":[[3.465,16],[0.542,1.841],[1.014,2.695],[1.093,2.667],[4.477,-1.387],[1.134,-0.299],[2.333,-0.383],[1.186,-0.127],[2.981,0.183],[-0.009,-0.077],[0,0],[-0.021,-36.091],[-1.271,-1.078],[-3.373,3.475],[-6.639,14.059],[-0.531,1.391]],"o":[[-0.408,-1.886],[-0.813,-2.762],[-1.015,-2.694],[-4.328,1.897],[-1.119,0.346],[-2.266,0.602],[-1.167,0.19],[-2.984,0.321],[0,0],[0,0],[-0.005,36.09],[0.001,1.302],[3.562,-3.291],[10.842,-11.171],[0.554,-1.382],[5.787,-15.172]],"v":[[20.154,-38.491],[18.719,-44.079],[15.948,-52.254],[12.757,-60.286],[-0.421,-55.268],[-3.799,-54.296],[-10.694,-52.808],[-14.222,-52.33],[-23.145,-52.111],[-23.119,-51.88],[-23.115,-51.836],[-23.11,56.435],[-22.348,60.286],[-11.694,50.384],[14.296,12.356],[15.958,8.21]],"c":true},"ix":2},"nm":"Path 1","mn":"ADBE Vector Shape - Group","hd":false},{"ty":"fl","c":{"a":0,"k":[0.967593742819,0.806914744658,0.173964721081,1],"ix":4},"o":{"a":0,"k":100,"ix":5},"r":1,"bm":0,"nm":"Fill 1","mn":"ADBE Vector Graphic - Fill","hd":false},{"ty":"tr","p":{"a":0,"k":[214.935,322.911],"ix":2},"a":{"a":0,"k":[0,0],"ix":1},"s":{"a":0,"k":[100,100],"ix":3},"r":{"a":0,"k":0,"ix":6},"o":{"a":0,"k":100,"ix":7},"sk":{"a":0,"k":0,"ix":4},"sa":{"a":0,"k":0,"ix":5},"nm":"Transform"}],"nm":"Group 34","np":2,"cix":2,"bm":0,"ix":34,"mn":"ADBE Vector Group","hd":false},{"ty":"gr","it":[{"ind":0,"ty":"sh","ix":1,"ks":{"a":0,"k":{"i":[[-0.192,0.521],[0.197,-0.519],[0,0]],"o":[[-0.192,0.521],[0,0],[0.196,-0.519]],"v":[[0.289,-0.782],[-0.289,0.782],[-0.288,0.782]],"c":true},"ix":2},"nm":"Path 1","mn":"ADBE Vector Shape - Group","hd":false},{"ty":"fl","c":{"a":0,"k":[0.967593742819,0.806914744658,0.173964721081,1],"ix":4},"o":{"a":0,"k":100,"ix":5},"r":1,"bm":0,"nm":"Fill 1","mn":"ADBE Vector Graphic - Fill","hd":false},{"ty":"tr","p":{"a":0,"k":[227.987,121.3],"ix":2},"a":{"a":0,"k":[0,0],"ix":1},"s":{"a":0,"k":[100,100],"ix":3},"r":{"a":0,"k":0,"ix":6},"o":{"a":0,"k":100,"ix":7},"sk":{"a":0,"k":0,"ix":4},"sa":{"a":0,"k":0,"ix":5},"nm":"Transform"}],"nm":"Group 35","np":2,"cix":2,"bm":0,"ix":35,"mn":"ADBE Vector Group","hd":false},{"ty":"gr","it":[{"ind":0,"ty":"sh","ix":1,"ks":{"a":0,"k":{"i":[[0,-1.189],[-0.006,-36.216],[0.01,-0.079],[0,0],[-0.715,0.009],[-4.117,-0.797],[-5.885,-2.575],[-1.028,-0.412],[-0.193,0.521],[-0.218,0.51],[-0.377,11.487],[4.884,11.8],[15.906,13.15]],"o":[[-0.014,36.216],[0,0],[0,0],[0.722,-0.036],[4.297,-0.053],[6.175,1.196],[1.015,0.444],[0.198,-0.519],[0.192,-0.521],[4.45,-10.449],[0.425,-12.945],[-8.822,-18.568],[-1.185,0.952]],"v":[[-22.477,-56.8],[-22.475,51.849],[-22.496,52.023],[-22.508,52.125],[-20.352,52.058],[-7.741,53.222],[10.316,59.039],[13.401,60.279],[13.979,58.716],[14.587,57.166],[22.469,24.501],[14.934,-12.359],[-21.709,-60.279]],"c":true},"ix":2},"nm":"Path 1","mn":"ADBE Vector Shape - Group","hd":false},{"ty":"fl","c":{"a":0,"k":[0.967593742819,0.806914744658,0.173964721081,1],"ix":4},"o":{"a":0,"k":100,"ix":5},"r":1,"bm":0,"nm":"Fill 1","mn":"ADBE Vector Graphic - Fill","hd":false},{"ty":"tr","p":{"a":0,"k":[214.297,61.802],"ix":2},"a":{"a":0,"k":[0,0],"ix":1},"s":{"a":0,"k":[100,100],"ix":3},"r":{"a":0,"k":0,"ix":6},"o":{"a":0,"k":100,"ix":7},"sk":{"a":0,"k":0,"ix":4},"sa":{"a":0,"k":0,"ix":5},"nm":"Transform"}],"nm":"Group 36","np":2,"cix":2,"bm":0,"ix":36,"mn":"ADBE Vector Group","hd":false},{"ty":"gr","it":[{"ind":0,"ty":"sh","ix":1,"ks":{"a":0,"k":{"i":[[2.139,2.211],[16.225,6.818],[4.63,-3.694],[5.127,-2.558],[2.117,-0.834],[10.835,0.044],[-0.015,-4.243],[-2.019,-0.238],[-2.016,-0.267],[-11.163,-8.326],[-1.806,-1.811],[-3.377,-2.619],[-12.157,12.556],[0.006,2.742]],"o":[[-12.152,-12.562],[-4.284,4.128],[-4.698,3.748],[-2.051,1.023],[-9.53,3.754],[0.014,4.241],[2.019,0.241],[2.021,0.237],[13.812,1.829],[2.067,1.543],[3.009,3.017],[16.212,-6.842],[2.141,-2.211],[-0.006,-2.736]],"v":[[50.445,-7.064],[8.34,-36.821],[-4.566,-24.505],[-19.307,-15.048],[-25.56,-12.262],[-56.128,-6.712],[-56.084,6.013],[-50.024,6.723],[-43.968,7.471],[-6.631,22.903],[-0.895,28.01],[8.342,36.821],[50.449,7.057],[56.122,-0.007]],"c":true},"ix":2},"nm":"Path 1","mn":"ADBE Vector Shape - Group","hd":false},{"ty":"fl","c":{"a":0,"k":[0.986932552562,0.665810080136,0.151076283174,1],"ix":4},"o":{"a":0,"k":100,"ix":5},"r":1,"bm":0,"nm":"Fill 1","mn":"ADBE Vector Graphic - Fill","hd":false},{"ty":"tr","p":{"a":0,"k":[326.542,192.363],"ix":2},"a":{"a":0,"k":[0,0],"ix":1},"s":{"a":0,"k":[100,100],"ix":3},"r":{"a":0,"k":0,"ix":6},"o":{"a":0,"k":100,"ix":7},"sk":{"a":0,"k":0,"ix":4},"sa":{"a":0,"k":0,"ix":5},"nm":"Transform"}],"nm":"Group 37","np":2,"cix":2,"bm":0,"ix":37,"mn":"ADBE Vector Group","hd":false},{"ty":"gr","it":[{"ind":0,"ty":"sh","ix":1,"ks":{"a":0,"k":{"i":[[-4.449,4.673],[3.471,-5.673]],"o":[[-4.449,4.673],[3.471,-5.673]],"v":[[5.932,-7.768],[-5.932,7.768]],"c":true},"ix":2},"nm":"Path 1","mn":"ADBE Vector Shape - Group","hd":false},{"ty":"fl","c":{"a":0,"k":[0.986932552562,0.665810080136,0.151076283174,1],"ix":4},"o":{"a":0,"k":100,"ix":5},"r":1,"bm":0,"nm":"Fill 1","mn":"ADBE Vector Graphic - Fill","hd":false},{"ty":"tr","p":{"a":0,"k":[242.531,119.67],"ix":2},"a":{"a":0,"k":[0,0],"ix":1},"s":{"a":0,"k":[100,100],"ix":3},"r":{"a":0,"k":0,"ix":6},"o":{"a":0,"k":100,"ix":7},"sk":{"a":0,"k":0,"ix":4},"sa":{"a":0,"k":0,"ix":5},"nm":"Transform"}],"nm":"Group 38","np":2,"cix":2,"bm":0,"ix":38,"mn":"ADBE Vector Group","hd":false},{"ty":"gr","it":[{"ind":0,"ty":"sh","ix":1,"ks":{"a":0,"k":{"i":[[1.394,-1.205],[-1.479,1.118]],"o":[[1.394,-1.205],[-1.479,1.118]],"v":[[-2.153,1.742],[2.154,-1.742]],"c":true},"ix":2},"nm":"Path 1","mn":"ADBE Vector Shape - Group","hd":false},{"ty":"fl","c":{"a":0,"k":[0.986932552562,0.665810080136,0.151076283174,1],"ix":4},"o":{"a":0,"k":100,"ix":5},"r":1,"bm":0,"nm":"Fill 1","mn":"ADBE Vector Graphic - Fill","hd":false},{"ty":"tr","p":{"a":0,"k":[256.565,104.485],"ix":2},"a":{"a":0,"k":[0,0],"ix":1},"s":{"a":0,"k":[100,100],"ix":3},"r":{"a":0,"k":0,"ix":6},"o":{"a":0,"k":100,"ix":7},"sk":{"a":0,"k":0,"ix":4},"sa":{"a":0,"k":0,"ix":5},"nm":"Transform"}],"nm":"Group 39","np":2,"cix":2,"bm":0,"ix":39,"mn":"ADBE Vector Group","hd":false},{"ty":"gr","it":[{"ind":0,"ty":"sh","ix":1,"ks":{"a":0,"k":{"i":[[0.425,-12.944],[4.45,-10.449],[0.192,-0.521],[0.196,-0.519],[-2.966,-1.785],[-4.449,4.672],[-1.339,1.237],[-0.697,0.602],[-1.478,1.118],[-3.311,1.877],[-9.983,1.982],[5.175,17.49],[10.099,-2.394],[15.011,-11.23]],"o":[[-0.377,11.487],[-0.218,0.51],[-0.193,0.521],[2.965,1.785],[3.472,-5.673],[1.256,-1.32],[0.675,-0.624],[1.393,-1.205],[2.957,-2.235],[8.965,-5.083],[2.428,-18.162],[-2.976,-10.061],[-18.264,4.328],[4.885,11.8]],"v":[[-26.738,10.823],[-34.62,43.488],[-35.228,45.039],[-35.804,46.602],[-26.905,51.957],[-15.041,36.423],[-11.149,32.586],[-9.092,30.747],[-4.786,27.263],[4.612,21.092],[33.376,11.565],[28.771,-41.897],[15.562,-49.544],[-34.273,-26.036]],"c":true},"ix":2},"nm":"Path 1","mn":"ADBE Vector Shape - Group","hd":false},{"ty":"fl","c":{"a":0,"k":[0.986932552562,0.665810080136,0.151076283174,1],"ix":4},"o":{"a":0,"k":100,"ix":5},"r":1,"bm":0,"nm":"Fill 1","mn":"ADBE Vector Graphic - Fill","hd":false},{"ty":"tr","p":{"a":0,"k":[263.504,75.479],"ix":2},"a":{"a":0,"k":[0,0],"ix":1},"s":{"a":0,"k":[100,100],"ix":3},"r":{"a":0,"k":0,"ix":6},"o":{"a":0,"k":100,"ix":7},"sk":{"a":0,"k":0,"ix":4},"sa":{"a":0,"k":0,"ix":5},"nm":"Transform"}],"nm":"Group 40","np":2,"cix":2,"bm":0,"ix":40,"mn":"ADBE Vector Group","hd":false},{"ty":"gr","it":[{"ind":0,"ty":"sh","ix":1,"ks":{"a":0,"k":{"i":[[-2.411,-1.937],[2.203,2.225]],"o":[[-2.411,-1.937],[2.203,2.225]],"v":[[3.466,3.115],[-3.466,-3.115]],"c":true},"ix":2},"nm":"Path 1","mn":"ADBE Vector Shape - Group","hd":false},{"ty":"fl","c":{"a":0,"k":[0.986932552562,0.665810080136,0.151076283174,1],"ix":4},"o":{"a":0,"k":100,"ix":5},"r":1,"bm":0,"nm":"Fill 1","mn":"ADBE Vector Graphic - Fill","hd":false},{"ty":"tr","p":{"a":0,"k":[253.439,277.503],"ix":2},"a":{"a":0,"k":[0,0],"ix":1},"s":{"a":0,"k":[100,100],"ix":3},"r":{"a":0,"k":0,"ix":6},"o":{"a":0,"k":100,"ix":7},"sk":{"a":0,"k":0,"ix":4},"sa":{"a":0,"k":0,"ix":5},"nm":"Transform"}],"nm":"Group 41","np":2,"cix":2,"bm":0,"ix":41,"mn":"ADBE Vector Group","hd":false},{"ty":"gr","it":[{"ind":0,"ty":"sh","ix":1,"ks":{"a":0,"k":{"i":[[1.493,0.937],[-1.567,-0.837]],"o":[[1.493,0.937],[-1.567,-0.837]],"v":[[-2.294,-1.331],[2.294,1.332]],"c":true},"ix":2},"nm":"Path 1","mn":"ADBE Vector Shape - Group","hd":false},{"ty":"fl","c":{"a":0,"k":[0.986932552562,0.665810080136,0.151076283174,1],"ix":4},"o":{"a":0,"k":100,"ix":5},"r":1,"bm":0,"nm":"Fill 1","mn":"ADBE Vector Graphic - Fill","hd":false},{"ty":"tr","p":{"a":0,"k":[266.551,287.176],"ix":2},"a":{"a":0,"k":[0,0],"ix":1},"s":{"a":0,"k":[100,100],"ix":3},"r":{"a":0,"k":0,"ix":6},"o":{"a":0,"k":100,"ix":7},"sk":{"a":0,"k":0,"ix":4},"sa":{"a":0,"k":0,"ix":5},"nm":"Transform"}],"nm":"Group 42","np":2,"cix":2,"bm":0,"ix":42,"mn":"ADBE Vector Group","hd":false},{"ty":"gr","it":[{"ind":0,"ty":"sh","ix":1,"ks":{"a":0,"k":{"i":[[5.201,2.302],[1.674,0.895],[1.494,0.937],[2.347,1.886],[2.203,2.225],[3.975,6.377],[0,0],[-1.014,-2.694],[-0.814,-2.762],[-0.408,-1.886],[5.787,-15.172],[0.555,-1.382],[-21.011,-3.893],[-0.73,2.109],[2.807,21.021],[2.047,0.423]],"o":[[-1.759,-0.778],[-1.566,-0.837],[-2.551,-1.602],[-2.411,-1.937],[-4.96,-5.011],[0,0],[1.093,2.667],[1.014,2.695],[0.542,1.841],[3.465,16],[-0.53,1.391],[17.088,12.811],[1.556,0.288],[6.88,-19.919],[-2.044,-0.436],[-5.973,-1.233]],"v":[[10.299,-18.128],[5.165,-20.66],[0.576,-23.323],[-6.775,-28.55],[-13.706,-34.781],[-27.084,-51.896],[-35.987,-46.543],[-32.797,-38.511],[-30.025,-30.336],[-28.591,-24.748],[-32.787,21.953],[-34.449,26.099],[22.676,51.189],[26.143,49.786],[33.18,-11.503],[27.048,-12.809]],"c":true},"ix":2},"nm":"Path 1","mn":"ADBE Vector Shape - Group","hd":false},{"ty":"fl","c":{"a":0,"k":[0.986932552562,0.665810080136,0.151076283174,1],"ix":4},"o":{"a":0,"k":100,"ix":5},"r":1,"bm":0,"nm":"Fill 1","mn":"ADBE Vector Graphic - Fill","hd":false},{"ty":"tr","p":{"a":0,"k":[263.68,309.168],"ix":2},"a":{"a":0,"k":[0,0],"ix":1},"s":{"a":0,"k":[100,100],"ix":3},"r":{"a":0,"k":0,"ix":6},"o":{"a":0,"k":100,"ix":7},"sk":{"a":0,"k":0,"ix":4},"sa":{"a":0,"k":0,"ix":5},"nm":"Transform"}],"nm":"Group 43","np":2,"cix":2,"bm":0,"ix":43,"mn":"ADBE Vector Group","hd":false},{"ty":"gr","it":[{"ind":0,"ty":"sh","ix":1,"ks":{"a":0,"k":{"i":[[-3.788,-1.586],[-2.351,-1.286],[-7.952,-13.581],[-3.021,1.864],[1.767,6.258],[0.404,2.157],[-5.236,14.059],[-0.519,1.522],[20.851,3.98],[0.864,-2.501],[-2.741,-20.885],[-3.219,-0.82]],"o":[[2.525,1.058],[12.935,7.067],[3.021,-1.865],[-2.104,-6.139],[-0.59,-2.086],[-2.812,-15.009],[0.561,-1.506],[-16.908,-12.879],[-1.812,-0.346],[-6.838,19.804],[3.244,0.718],[4.185,1.065]],"v":[[-11.583,17.463],[-4.27,20.979],[26.949,52.103],[36.012,46.51],[29.706,28.109],[28.197,21.751],[32.833,-21.609],[34.393,-26.173],[-22.321,-51.269],[-26.301,-49.602],[-33.271,11.313],[-23.54,13.482]],"c":true},"ix":2},"nm":"Path 1","mn":"ADBE Vector Shape - Group","hd":false},{"ty":"fl","c":{"a":0,"k":[0.967593742819,0.806914744658,0.173964721081,1],"ix":4},"o":{"a":0,"k":100,"ix":5},"r":1,"bm":0,"nm":"Fill 1","mn":"ADBE Vector Graphic - Fill","hd":false},{"ty":"tr","p":{"a":0,"k":[119.981,75.691],"ix":2},"a":{"a":0,"k":[0,0],"ix":1},"s":{"a":0,"k":[100,100],"ix":3},"r":{"a":0,"k":0,"ix":6},"o":{"a":0,"k":100,"ix":7},"sk":{"a":0,"k":0,"ix":4},"sa":{"a":0,"k":0,"ix":5},"nm":"Transform"}],"nm":"Group 44","np":2,"cix":2,"bm":0,"ix":44,"mn":"ADBE Vector Group","hd":false},{"ty":"gr","it":[{"ind":0,"ty":"sh","ix":1,"ks":{"a":0,"k":{"i":[[2.957,-2.235],[1.394,-1.205],[0.675,-0.624],[1.256,-1.32],[3.472,-5.673],[-4.864,-6.13],[-1.421,-2.211],[-1.512,-3.274],[-1.259,-9.014],[-9.531,3.753],[-2.051,1.023],[-4.698,3.748],[-4.283,4.128],[-0.634,0.857],[-4.194,17.356],[9.551,2.938],[18.398,-1.88],[8.966,-5.083]],"o":[[-1.479,1.118],[-0.696,0.602],[-1.339,1.237],[-4.449,4.673],[6.418,4.84],[1.623,2.043],[1.896,2.949],[3.848,8.33],[10.835,0.045],[2.117,-0.835],[5.127,-2.559],[4.63,-3.694],[-0.282,-1.328],[10.635,-14.398],[2.384,-9.864],[-17.716,-5.452],[-9.983,1.982],[-3.31,1.877]],"v":[[-39.915,-32.687],[-44.222,-29.203],[-46.278,-27.364],[-50.17,-23.528],[-62.035,-7.993],[-45.019,8.377],[-40.45,14.756],[-35.329,24.083],[-28.221,50.22],[2.349,44.671],[8.602,41.885],[23.343,32.427],[36.247,20.112],[37.661,17.226],[59.651,-30.526],[52.463,-43.396],[-1.753,-48.385],[-30.518,-38.858]],"c":true},"ix":2},"nm":"Path 1","mn":"ADBE Vector Shape - Group","hd":false},{"ty":"fl","c":{"a":0,"k":[0.967593742819,0.806914744658,0.173964721081,1],"ix":4},"o":{"a":0,"k":100,"ix":5},"r":1,"bm":0,"nm":"Fill 1","mn":"ADBE Vector Graphic - Fill","hd":false},{"ty":"tr","p":{"a":0,"k":[298.634,135.43],"ix":2},"a":{"a":0,"k":[0,0],"ix":1},"s":{"a":0,"k":[100,100],"ix":3},"r":{"a":0,"k":0,"ix":6},"o":{"a":0,"k":100,"ix":7},"sk":{"a":0,"k":0,"ix":4},"sa":{"a":0,"k":0,"ix":5},"nm":"Transform"}],"nm":"Group 45","np":2,"cix":2,"bm":0,"ix":45,"mn":"ADBE Vector Group","hd":false},{"ty":"gr","it":[{"ind":0,"ty":"sh","ix":1,"ks":{"a":0,"k":{"i":[[13.813,1.829],[2.021,0.237],[2.019,0.241],[3.369,-7.817],[0.532,-1.091],[1.272,-2.08],[5.77,-5.267],[2.676,-2.214],[-4.96,-5.011],[-2.411,-1.937],[-2.552,-1.602],[-1.566,-0.837],[-1.759,-0.778],[-5.972,-1.233],[-2.044,-0.436],[-0.863,-0.091],[-18.731,6.383],[0.561,2.827],[12.291,16.576],[-0.27,1.169],[3.009,3.018],[2.067,1.543]],"o":[[-2.016,-0.267],[-2.019,-0.237],[-0.986,8.995],[-0.481,1.117],[-1.065,2.183],[-3.816,6.24],[-2.562,2.34],[3.975,6.377],[2.204,2.225],[2.348,1.886],[1.493,0.937],[1.674,0.895],[5.201,2.302],[2.047,0.423],[0.868,0.038],[19.755,2.067],[1.788,-0.61],[-4,-20.169],[-0.571,-0.77],[-3.377,-2.621],[-1.805,-1.81],[-11.163,-8.327]],"v":[[-15.974,-49.281],[-22.03,-50.029],[-28.09,-50.739],[-34.571,-25.493],[-36.091,-22.18],[-39.595,-15.785],[-53.942,1.493],[-61.952,8.158],[-48.574,25.273],[-41.643,31.504],[-34.291,36.731],[-29.703,39.393],[-24.569,41.926],[-7.82,47.245],[-1.688,48.551],[0.916,48.673],[58.579,41.682],[61.391,37.987],[37.536,-17.347],[36.336,-19.929],[27.099,-28.742],[21.363,-33.848]],"c":true},"ix":2},"nm":"Path 1","mn":"ADBE Vector Shape - Group","hd":false},{"ty":"fl","c":{"a":0,"k":[0.967593742819,0.806914744658,0.173964721081,1],"ix":4},"o":{"a":0,"k":100,"ix":5},"r":1,"bm":0,"nm":"Fill 1","mn":"ADBE Vector Graphic - Fill","hd":false},{"ty":"tr","p":{"a":0,"k":[298.548,249.115],"ix":2},"a":{"a":0,"k":[0,0],"ix":1},"s":{"a":0,"k":[100,100],"ix":3},"r":{"a":0,"k":0,"ix":6},"o":{"a":0,"k":100,"ix":7},"sk":{"a":0,"k":0,"ix":4},"sa":{"a":0,"k":0,"ix":5},"nm":"Transform"}],"nm":"Group 46","np":2,"cix":2,"bm":0,"ix":46,"mn":"ADBE Vector Group","hd":false},{"ty":"gr","it":[{"ind":0,"ty":"sh","ix":1,"ks":{"a":0,"k":{"i":[[11.281,5.58],[-13.034,0.067],[0,0]],"o":[[11.281,5.58],[0,0],[-13.034,0.067]],"v":[[-18.245,-4.136],[18.245,4.068],[18.245,4.067]],"c":true},"ix":2},"nm":"Path 1","mn":"ADBE Vector Shape - Group","hd":false},{"ty":"fl","c":{"a":0,"k":[0.9667783251,0.888798552868,0.311742864871,1],"ix":4},"o":{"a":0,"k":100,"ix":5},"r":1,"bm":0,"nm":"Fill 1","mn":"ADBE Vector Graphic - Fill","hd":false},{"ty":"tr","p":{"a":0,"k":[95.035,181.623],"ix":2},"a":{"a":0,"k":[0,0],"ix":1},"s":{"a":0,"k":[100,100],"ix":3},"r":{"a":0,"k":0,"ix":6},"o":{"a":0,"k":100,"ix":7},"sk":{"a":0,"k":0,"ix":4},"sa":{"a":0,"k":0,"ix":5},"nm":"Transform"}],"nm":"Group 47","np":2,"cix":2,"bm":0,"ix":47,"mn":"ADBE Vector Group","hd":false},{"ty":"gr","it":[{"ind":0,"ty":"sh","ix":1,"ks":{"a":0,"k":{"i":[[-1.834,-1.837],[-4.18,-2.944],[-3.76,-1.86],[-13.034,0.068],[-1.677,5.52],[-0.73,1.801],[-12.707,9.207],[12.935,7.068],[2.525,1.058],[4.185,1.065],[3.244,0.718],[1.483,0.141],[18.198,-6.308],[-0.466,-2.365],[-11.755,-16.32],[0.197,-1.884]],"o":[[3.598,3.602],[3.561,2.507],[11.281,5.58],[0.908,-5.708],[0.559,-1.841],[5.919,-14.598],[-7.953,-13.581],[-2.351,-1.285],[-3.788,-1.586],[-3.22,-0.82],[-1.49,-0.064],[-19.254,-1.828],[-1.605,0.556],[3.869,19.641],[0.898,1.247],[2.295,1.348]],"v":[[-30.655,25.506],[-19.23,35.574],[-8.248,42.122],[28.242,50.324],[31.831,33.418],[33.754,27.954],[61.894,-7.571],[30.675,-38.696],[23.361,-42.212],[11.404,-46.193],[1.673,-48.362],[-2.796,-48.564],[-58.891,-41.279],[-61.428,-38.084],[-38.624,16.098],[-36.353,20.182]],"c":true},"ix":2},"nm":"Path 1","mn":"ADBE Vector Shape - Group","hd":false},{"ty":"fl","c":{"a":0,"k":[0.9667783251,0.888798552868,0.311742864871,1],"ix":4},"o":{"a":0,"k":100,"ix":5},"r":1,"bm":0,"nm":"Fill 1","mn":"ADBE Vector Graphic - Fill","hd":false},{"ty":"tr","p":{"a":0,"k":[85.037,135.366],"ix":2},"a":{"a":0,"k":[0,0],"ix":1},"s":{"a":0,"k":[100,100],"ix":3},"r":{"a":0,"k":0,"ix":6},"o":{"a":0,"k":100,"ix":7},"sk":{"a":0,"k":0,"ix":4},"sa":{"a":0,"k":0,"ix":5},"nm":"Transform"}],"nm":"Group 48","np":2,"cix":2,"bm":0,"ix":48,"mn":"ADBE Vector Group","hd":false},{"ty":"gr","it":[{"ind":0,"ty":"sh","ix":1,"ks":{"a":0,"k":{"i":[[0,1.302],[-0.006,36.09],[3.8,0.606],[1.5,0.325],[2.925,0.963],[3.549,1.65],[1.623,-8.615],[-5.293,-14.057],[-0.516,-1.522],[-0.206,-0.439],[-13.264,-12.176],[-0.934,-2.133],[0,0],[-0.047,0.238]],"o":[[-0.021,-36.091],[-3.931,-0.054],[-1.519,-0.243],[-2.999,-0.65],[-3.656,-1.204],[-2.893,8.165],[-2.824,14.985],[0.566,1.504],[0.263,0.413],[7.637,16.306],[1.609,1.478],[0,0],[-0.025,-0.241],[-1.271,-1.079]],"v":[[22.84,56.137],[22.835,-52.134],[11.242,-53.137],[6.713,-53.989],[-2.172,-56.416],[-12.977,-60.708],[-20.778,-35.93],[-16.173,7.434],[-14.617,11.999],[-13.836,13.241],[17.548,55.926],[22.07,60.708],[23.568,60.708],[23.602,59.99]],"c":true},"ix":2},"nm":"Path 1","mn":"ADBE Vector Shape - Group","hd":false},{"ty":"fl","c":{"a":0,"k":[0.9667783251,0.888798552868,0.311742864871,1],"ix":4},"o":{"a":0,"k":100,"ix":5},"r":1,"bm":0,"nm":"Fill 1","mn":"ADBE Vector Graphic - Fill","hd":false},{"ty":"tr","p":{"a":0,"k":[168.986,323.208],"ix":2},"a":{"a":0,"k":[0,0],"ix":1},"s":{"a":0,"k":[100,100],"ix":3},"r":{"a":0,"k":0,"ix":6},"o":{"a":0,"k":100,"ix":7},"sk":{"a":0,"k":0,"ix":4},"sa":{"a":0,"k":0,"ix":5},"nm":"Transform"}],"nm":"Group 49","np":2,"cix":2,"bm":0,"ix":49,"mn":"ADBE Vector Group","hd":false},{"ty":"gr","it":[{"ind":0,"ty":"sh","ix":1,"ks":{"a":0,"k":{"i":[[-0.65,0.753],[-19.17,3.453],[-1.195,0.155],[-3.594,0.409],[-0.016,4.232],[11.281,5.58],[3.56,2.507],[3.598,3.602],[2.296,1.349],[0.553,-0.263],[11.913,-12.946],[2.274,-0.961],[0,0],[-4.151,-3.692],[-13.815,-5.721]],"o":[[12.746,-14.751],[1.184,-0.212],[3.585,-0.464],[0.016,-4.233],[-13.035,0.067],[-3.761,-1.86],[-4.181,-2.943],[-1.834,-1.837],[-0.584,0.199],[-15.858,7.56],[-1.553,1.687],[0,0],[4.502,3.313],[11.093,9.862],[1.148,-0.071]],"v":[[-5.802,35.067],[42.097,7.716],[45.667,7.171],[56.467,6.037],[56.515,-6.659],[20.025,-14.863],[9.043,-21.411],[-2.383,-31.478],[-8.081,-36.803],[-9.829,-36.198],[-51.555,-5.551],[-56.515,-0.736],[-56.515,0.76],[-44.792,12.495],[-8.079,36.803]],"c":true},"ix":2},"nm":"Path 1","mn":"ADBE Vector Shape - Group","hd":false},{"ty":"fl","c":{"a":0,"k":[0.967593742819,0.806914744658,0.173964721081,1],"ix":4},"o":{"a":0,"k":100,"ix":5},"r":1,"bm":0,"nm":"Fill 1","mn":"ADBE Vector Graphic - Fill","hd":false},{"ty":"tr","p":{"a":0,"k":[56.765,192.351],"ix":2},"a":{"a":0,"k":[0,0],"ix":1},"s":{"a":0,"k":[100,100],"ix":3},"r":{"a":0,"k":0,"ix":6},"o":{"a":0,"k":100,"ix":7},"sk":{"a":0,"k":0,"ix":4},"sa":{"a":0,"k":0,"ix":5},"nm":"Transform"}],"nm":"Group 50","np":2,"cix":2,"bm":0,"ix":50,"mn":"ADBE Vector Group","hd":false}],"ip":0,"op":133,"st":0,"bm":0},{"ddd":0,"ind":2,"ty":4,"nm":"Shape Layer 1","sr":1,"ks":{"o":{"a":0,"k":100,"ix":11},"r":{"a":0,"k":21,"ix":10},"p":{"a":0,"k":[255,258,0],"ix":2,"l":2},"a":{"a":0,"k":[0,0,0],"ix":1,"l":2},"s":{"a":0,"k":[100,100,100],"ix":6,"l":2}},"ao":0,"shapes":[{"ty":"gr","it":[{"ind":0,"ty":"sh","ix":1,"ks":{"a":0,"k":{"i":[[43.337,0],[0,-43.337],[-43.337,0],[0,43.337]],"o":[[-43.337,0],[0,43.337],[43.337,0],[0,-43.337]],"v":[[0,-75.468],[-78.468,3],[0,81.468],[78.468,3]],"c":true},"ix":2},"nm":"Path 1","mn":"ADBE Vector Shape - Group","hd":false},{"ty":"fl","c":{"a":0,"k":[0.623529411765,0.474509833841,0.341176470588,1],"ix":4},"o":{"a":0,"k":100,"ix":5},"r":1,"bm":0,"nm":"Fill 1","mn":"ADBE Vector Graphic - Fill","hd":false},{"ty":"tr","p":{"a":0,"k":[0.968,-5.032],"ix":2},"a":{"a":0,"k":[0,0],"ix":1},"s":{"a":0,"k":[100,100],"ix":3},"r":{"a":0,"k":0,"ix":6},"o":{"a":0,"k":100,"ix":7},"sk":{"a":0,"k":0,"ix":4},"sa":{"a":0,"k":0,"ix":5},"nm":"Transform"}],"nm":"Ellipse 1","np":3,"cix":2,"bm":0,"ix":1,"mn":"ADBE Vector Group","hd":false}],"ip":0,"op":133,"st":0,"bm":0}],"markers":[]}