{"v":"5.5.7","meta":{"g":"LottieFiles AE 0.1.21","a":"","k":"","d":"","tc":""},"fr":25,"ip":0,"op":250,"w":1600,"h":1200,"nm":"yoga 2","ddd":0,"assets":[],"layers":[{"ddd":0,"ind":1,"ty":3,"nm":"Shape Layer 1: Path 1 [1.1.1]","cl":"1 1","sr":1,"ks":{"o":{"a":0,"k":0,"ix":11},"r":{"a":0,"k":0,"ix":10},"p":{"a":0,"k":[-352,209,0],"ix":2,"x":"var $bm_rt;\nvar srcLayer = thisComp.layer('Shape Layer 1');\nvar srcPath = srcLayer('ADBE Root Vectors Group')(1)('ADBE Vectors Group')(1)('ADBE Vector Shape').points()[1];\n$bm_rt = srcLayer.toComp(srcPath);"},"a":{"a":0,"k":[0,0,0],"ix":1},"s":{"a":0,"k":[100,100,100],"ix":6}},"ao":0,"ip":0,"op":250,"st":0,"bm":0},{"ddd":0,"ind":2,"ty":4,"nm":"Shape Layer 1","sr":1,"ks":{"o":{"a":0,"k":100,"ix":11},"r":{"a":0,"k":0,"ix":10},"p":{"a":0,"k":[896,734,0],"ix":2},"a":{"a":0,"k":[0,0,0],"ix":1},"s":{"a":0,"k":[100,100,100],"ix":6}},"ao":0,"shapes":[{"ty":"gr","it":[{"ind":0,"ty":"sh","ix":1,"ks":{"a":1,"k":[{"i":{"x":0.4,"y":1},"o":{"x":0.6,"y":0},"t":0,"s":[{"i":[[0,0],[0,0],[0,0]],"o":[[0,0],[0,0],[0,0]],"v":[[-201,27],[-301,129.5],[-145,184.5]],"c":true}]},{"i":{"x":0.4,"y":1},"o":{"x":0.6,"y":0},"t":40.833,"s":[{"i":[[0,0],[0,0],[0,0]],"o":[[0,0],[0,0],[0,0]],"v":[[-184,12],[-301,129.5],[-135,120.5]],"c":true}]},{"i":{"x":0.4,"y":1},"o":{"x":0.6,"y":0},"t":47.366,"s":[{"i":[[0,0],[0,0],[0,0]],"o":[[0,0],[0,0],[0,0]],"v":[[-184,12],[-301,129.5],[-135,117.25]],"c":true}]},{"i":{"x":0.4,"y":1},"o":{"x":0.6,"y":0},"t":81.667,"s":[{"i":[[0,0],[0,0],[0,0]],"o":[[0,0],[0,0],[0,0]],"v":[[-293.5,71.5],[-352,209],[-152,234.25]],"c":true}]},{"i":{"x":0.4,"y":1},"o":{"x":0.6,"y":0},"t":96.366,"s":[{"i":[[0,0],[0,0],[0,0]],"o":[[0,0],[0,0],[0,0]],"v":[[-293.5,71.5],[-352,219],[-152,256.25]],"c":true}]},{"i":{"x":0.4,"y":1},"o":{"x":0.6,"y":0},"t":122.5,"s":[{"i":[[0,0],[0,0],[0,0]],"o":[[0,0],[0,0],[0,0]],"v":[[-415,-54.5],[-426,62.75],[-250,168.25]],"c":true}]},{"i":{"x":0.4,"y":1},"o":{"x":0.6,"y":0},"t":133.934,"s":[{"i":[[0,0],[0,0],[0,0]],"o":[[0,0],[0,0],[0,0]],"v":[[-415,-54.5],[-426,62.75],[-250,168.25]],"c":true}]},{"i":{"x":0.4,"y":1},"o":{"x":0.6,"y":0},"t":161.7,"s":[{"i":[[0,0],[0,0],[0,0]],"o":[[0,0],[0,0],[0,0]],"v":[[-293.5,71.5],[-352,219],[-152,256.25]],"c":true}]},{"i":{"x":0.4,"y":1},"o":{"x":0.6,"y":0},"t":187.833,"s":[{"i":[[0,0],[0,0],[0,0]],"o":[[0,0],[0,0],[0,0]],"v":[[-184,12],[-301,129.5],[-135,117.25]],"c":true}]},{"i":{"x":0.4,"y":1},"o":{"x":0.6,"y":0},"t":200.9,"s":[{"i":[[0,0],[0,0],[0,0]],"o":[[0,0],[0,0],[0,0]],"v":[[-184,12],[-301,129.5],[-135,120.5]],"c":true}]},{"t":245,"s":[{"i":[[0,0],[0,0],[0,0]],"o":[[0,0],[0,0],[0,0]],"v":[[-201,27],[-301,129.5],[-145,184.5]],"c":true}]}],"ix":2},"nm":"Path 1","mn":"ADBE Vector Shape - Group","hd":false},{"ty":"tm","s":{"a":0,"k":8,"ix":1},"e":{"a":0,"k":43,"ix":2},"o":{"a":0,"k":0,"ix":3},"m":1,"ix":2,"nm":"Trim Paths 1","mn":"ADBE Vector Filter - Trim","hd":false},{"ty":"st","c":{"a":0,"k":[0.011764705882352941,0.011764705882352941,0.011764705882352941,1],"ix":3},"o":{"a":0,"k":100,"ix":4},"w":{"a":0,"k":6,"ix":5},"lc":1,"lj":1,"ml":4,"bm":0,"nm":"Stroke 1","mn":"ADBE Vector Graphic - Stroke","hd":false},{"ty":"tr","p":{"a":0,"k":[0,0],"ix":2},"a":{"a":0,"k":[0,0],"ix":1},"s":{"a":0,"k":[100,100],"ix":3},"r":{"a":0,"k":0,"ix":6},"o":{"a":0,"k":100,"ix":7},"sk":{"a":0,"k":0,"ix":4},"sa":{"a":0,"k":0,"ix":5},"nm":"Transform"}],"nm":"t-shirt shadow","np":4,"cix":2,"bm":0,"ix":1,"mn":"ADBE Vector Group","hd":false},{"ty":"gr","it":[{"ind":0,"ty":"sh","ix":1,"ks":{"a":1,"k":[{"i":{"x":0.4,"y":1},"o":{"x":0.6,"y":0},"t":0,"s":[{"i":[[18,-139],[0,0],[0,0],[0,0],[0,0],[0,0]],"o":[[-18,139],[0,0],[0,0],[0,0],[0,0],[0,0]],"v":[[-438,-161],[-473,87],[-315,143],[-302,130],[-75,208],[-45,-97]],"c":true}]},{"i":{"x":0.4,"y":1},"o":{"x":0.6,"y":0},"t":40.833,"s":[{"i":[[190.094,-62.094],[0,0],[0,0],[0,0],[0,0],[0,0]],"o":[[-133.233,43.52],[0,0],[0,0],[0,0],[0,0],[0,0]],"v":[[-316,-177],[-473,87],[-315,143],[-302,130],[16,113],[10.5,-266]],"c":true}]},{"i":{"x":0.4,"y":1},"o":{"x":0.6,"y":0},"t":47.366,"s":[{"i":[[200,-45],[0,0],[0,0],[0,0],[0,0],[0,0]],"o":[[-136.742,30.767],[0,0],[0,0],[0,0],[0,0],[0,0]],"v":[[-316,-185],[-473,87],[-315,143],[-302,130],[16,105],[19,-269]],"c":true}]},{"i":{"x":0.4,"y":1},"o":{"x":0.6,"y":0},"t":81.667,"s":[{"i":[[238,4],[0,0],[0,0],[0,0],[0,0],[0,0]],"o":[[-140.141,-2.355],[0,0],[0,0],[0,0],[0,0],[0,0]],"v":[[-504,-88],[-567,215],[-358,219],[-353,209],[-114,239],[-121,-65]],"c":true}]},{"i":{"x":0.4,"y":1},"o":{"x":0.6,"y":0},"t":96.366,"s":[{"i":[[238,4],[0,0],[0,0],[0,0],[0,0],[0,0]],"o":[[-140.141,-2.355],[0,0],[0,0],[0,0],[0,0],[0,0]],"v":[[-504,-88],[-567,215],[-358,219],[-353,219],[-114,261],[-121,-43]],"c":true}]},{"i":{"x":0.4,"y":1},"o":{"x":0.6,"y":0},"t":122.5,"s":[{"i":[[244.755,59.321],[0,0],[0,0],[0,0],[0,0],[0,0]],"o":[[-82.906,-20.094],[0,0],[0,0],[0,0],[0,0],[0,0]],"v":[[-540,-286],[-620.5,77.5],[-429,81.25],[-427,62.25],[-120,247],[-95,-60]],"c":true}]},{"i":{"x":0.4,"y":1},"o":{"x":0.6,"y":0},"t":133.934,"s":[{"i":[[244.755,59.321],[0,0],[0,0],[0,0],[0,0],[0,0]],"o":[[-82.906,-20.094],[0,0],[0,0],[0,0],[0,0],[0,0]],"v":[[-540,-274],[-620.5,77.5],[-429,81.25],[-427,62.25],[-120,247],[-95,-60]],"c":true}]},{"i":{"x":0.4,"y":1},"o":{"x":0.6,"y":0},"t":161.7,"s":[{"i":[[238,4],[0,0],[0,0],[0,0],[0,0],[0,0]],"o":[[-140.141,-2.355],[0,0],[0,0],[0,0],[0,0],[0,0]],"v":[[-504,-88],[-567,215],[-358,219],[-353,219],[-114,261],[-121,-43]],"c":true}]},{"i":{"x":0.4,"y":1},"o":{"x":0.6,"y":0},"t":187.833,"s":[{"i":[[200,-45],[0,0],[0,0],[0,0],[0,0],[0,0]],"o":[[-136.742,30.767],[0,0],[0,0],[0,0],[0,0],[0,0]],"v":[[-316,-185],[-473,87],[-315,143],[-302,130],[16,105],[19,-269]],"c":true}]},{"i":{"x":0.4,"y":1},"o":{"x":0.6,"y":0},"t":200.9,"s":[{"i":[[190.094,-62.094],[0,0],[0,0],[0,0],[0,0],[0,0]],"o":[[-133.233,43.52],[0,0],[0,0],[0,0],[0,0],[0,0]],"v":[[-316,-177],[-473,87],[-315,143],[-302,130],[16,113],[10.5,-266]],"c":true}]},{"t":245,"s":[{"i":[[18,-139],[0,0],[0,0],[0,0],[0,0],[0,0]],"o":[[-18,139],[0,0],[0,0],[0,0],[0,0],[0,0]],"v":[[-438,-161],[-473,87],[-315,143],[-302,130],[-75,208],[-45,-97]],"c":true}]}],"ix":2},"nm":"Path 1","mn":"ADBE Vector Shape - Group","hd":false},{"ty":"tm","s":{"a":0,"k":0,"ix":1},"e":{"a":0,"k":91,"ix":2},"o":{"a":0,"k":-18,"ix":3},"m":1,"ix":2,"nm":"Trim Paths 1","mn":"ADBE Vector Filter - Trim","hd":false},{"ty":"st","c":{"a":0,"k":[0.011764705882352941,0.011764705882352941,0.011764705882352941,1],"ix":3},"o":{"a":0,"k":100,"ix":4},"w":{"a":0,"k":6,"ix":5},"lc":1,"lj":1,"ml":4,"bm":0,"nm":"Stroke 1","mn":"ADBE Vector Graphic - Stroke","hd":false},{"ty":"fl","c":{"a":0,"k":[1,1,1,1],"ix":4},"o":{"a":0,"k":100,"ix":5},"r":1,"bm":0,"nm":"Fill 1","mn":"ADBE Vector Graphic - Fill","hd":false},{"ty":"tr","p":{"a":0,"k":[0.906,0.094],"ix":2},"a":{"a":0,"k":[0,0],"ix":1},"s":{"a":0,"k":[100,100],"ix":3},"r":{"a":0,"k":0,"ix":6},"o":{"a":0,"k":100,"ix":7},"sk":{"a":0,"k":0,"ix":4},"sa":{"a":0,"k":0,"ix":5},"nm":"Transform"}],"nm":"t-shirt","np":4,"cix":2,"bm":0,"ix":2,"mn":"ADBE Vector Group","hd":false},{"ty":"gr","it":[{"ind":0,"ty":"sh","ix":1,"ks":{"a":1,"k":[{"i":{"x":0.4,"y":1},"o":{"x":0.6,"y":0},"t":0,"s":[{"i":[[0,0],[0,0],[-2.875,-0.359],[-14.125,83.359]],"o":[[0,0],[0,0],[54.875,-136.641],[-7.125,-2.141]],"v":[[-51,-95],[-105,171],[31,201],[108,-57]],"c":true}]},{"i":{"x":0.4,"y":1},"o":{"x":0.6,"y":0},"t":40.833,"s":[{"i":[[0,0],[0,0],[-2.875,-1.359],[0.375,28.859]],"o":[[0,0],[0,0],[41.875,-76.641],[-45.625,-39.641]],"v":[[9,-265],[-11,38],[81,75],[168,-227]],"c":true}]},{"i":{"x":0.4,"y":1},"o":{"x":0.6,"y":0},"t":47.366,"s":[{"i":[[0,0],[0,0],[-4.375,-1.359],[-0.875,4.641]],"o":[[0,0],[0,0],[49.875,-149.141],[4.875,-31.641]],"v":[[9,-265],[-11,30],[81,67],[168,-235]],"c":true}]},{"i":{"x":0.4,"y":1},"o":{"x":0.6,"y":0},"t":81.667,"s":[{"i":[[0,0],[0,0],[-4.375,0.141],[0,0]],"o":[[0,0],[0,0],[17.375,-87.141],[0,0]],"v":[[-131,-61],[-141,192],[-13,201],[20,-31]],"c":true}]},{"i":{"x":0.4,"y":1},"o":{"x":0.6,"y":0},"t":96.366,"s":[{"i":[[0,0],[0,0],[-3.375,0.141],[6.625,0.641]],"o":[[0,0],[0,0],[21.375,-101.141],[-6.625,-0.641]],"v":[[-131,-39],[-141,214],[-13,223],[20,-9]],"c":true}]},{"i":{"x":0.4,"y":1},"o":{"x":0.6,"y":0},"t":122.5,"s":[{"i":[[0,0],[0,0],[-4.375,-1.359],[0,0]],"o":[[0,0],[0,0],[23.875,-102.141],[0,0]],"v":[[-125,-75],[-138,166],[-14,199],[20,-9]],"c":true}]},{"i":{"x":0.4,"y":1},"o":{"x":0.6,"y":0},"t":133.934,"s":[{"i":[[0,0],[0,0],[-2.875,-0.859],[0,0]],"o":[[0,0],[0,0],[25.875,-117.641],[0,0]],"v":[[-125,-75],[-138,166],[-18,191],[20,-9]],"c":true}]},{"i":{"x":0.4,"y":1},"o":{"x":0.6,"y":0},"t":161.7,"s":[{"i":[[0,0],[0,0],[-3.375,-0.359],[6.625,1.141]],"o":[[0,0],[0,0],[20.875,-73.641],[-6.625,-1.141]],"v":[[-131,-39],[-141,214],[-13,223],[20,-9]],"c":true}]},{"i":{"x":0.4,"y":1},"o":{"x":0.6,"y":0},"t":187.833,"s":[{"i":[[0,0],[0,0],[-4.375,-2.359],[-0.875,4.641]],"o":[[0,0],[0,0],[21.875,-39.141],[4.875,-31.641]],"v":[[9,-265],[-11,30],[81,67],[168,-235]],"c":true}]},{"i":{"x":0.4,"y":1},"o":{"x":0.6,"y":0},"t":200.9,"s":[{"i":[[0,0],[0,0],[-6.375,-2.359],[0.625,5.141]],"o":[[0,0],[0,0],[36.375,-61.641],[-45.625,-39.641]],"v":[[9,-265],[-11,38],[81,75],[168,-227]],"c":true}]},{"t":245,"s":[{"i":[[0,0],[0,0],[-2.875,-0.359],[-14.125,83.359]],"o":[[0,0],[0,0],[54.875,-136.641],[-7.125,-2.141]],"v":[[-51,-95],[-105,171],[31,201],[108,-57]],"c":true}]}],"ix":2},"nm":"Path 1","mn":"ADBE Vector Shape - Group","hd":false},{"ty":"tm","s":{"a":0,"k":0,"ix":1},"e":{"a":0,"k":88,"ix":2},"o":{"a":0,"k":0,"ix":3},"m":1,"ix":2,"nm":"Trim Paths 1","mn":"ADBE Vector Filter - Trim","hd":false},{"ty":"fl","c":{"a":0,"k":[0.8313725490196079,0.03529411764705882,0.27450980392156865,1],"ix":4},"o":{"a":0,"k":100,"ix":5},"r":1,"bm":0,"nm":"Fill 1","mn":"ADBE Vector Graphic - Fill","hd":false},{"ty":"tr","p":{"a":0,"k":[1.125,0.141],"ix":2},"a":{"a":0,"k":[0,0],"ix":1},"s":{"a":0,"k":[100,100],"ix":3},"r":{"a":0,"k":0,"ix":6},"o":{"a":0,"k":100,"ix":7},"sk":{"a":0,"k":0,"ix":4},"sa":{"a":0,"k":0,"ix":5},"nm":"Transform"}],"nm":"short","np":4,"cix":2,"bm":0,"ix":3,"mn":"ADBE Vector Group","hd":false},{"ty":"gr","it":[{"ind":0,"ty":"sh","ix":1,"ks":{"a":1,"k":[{"i":{"x":0.4,"y":1},"o":{"x":0.6,"y":0},"t":0,"s":[{"i":[[0,0],[0,0],[0,0],[0,0],[0,0],[0,0],[0,0],[0,0],[0,0],[0,0],[0,0],[0,0]],"o":[[0,0],[0,0],[0,0],[0,0],[0,0],[0,0],[0,0],[0,0],[0,0],[0,0],[0,0],[0,0]],"v":[[96,-56],[45,164],[226,214],[419,242],[412,263],[395,266],[394,278],[425,278],[450,247],[454,225],[428,222],[264,86]],"c":true}]},{"i":{"x":0.4,"y":1},"o":{"x":0.6,"y":0},"t":40.833,"s":[{"i":[[0,0],[0,0],[0,0],[0,0],[0,0],[0,0],[0,0],[0,0],[0,0],[0,0],[0,0],[0,0]],"o":[[0,0],[0,0],[0,0],[0,0],[0,0],[0,0],[0,0],[0,0],[0,0],[0,0],[0,0],[0,0]],"v":[[156,-226],[73,40],[254,156],[409,222],[412,263],[395,266],[394,278],[425,278],[440,227],[444,205],[418,202],[300,36]],"c":true}]},{"i":{"x":0.4,"y":1},"o":{"x":0.6,"y":0},"t":47.366,"s":[{"i":[[0,0],[0,0],[0,0],[0,0],[0,0],[0,0],[0,0],[0,0],[0,0],[0,0],[0,0],[0,0]],"o":[[0,0],[0,0],[0,0],[0,0],[0,0],[0,0],[0,0],[0,0],[0,0],[0,0],[0,0],[0,0]],"v":[[156,-234],[73,32],[254,156],[399,220],[412,263],[395,266],[394,278],[425,278],[430,225],[434,203],[408,200],[300,36]],"c":true}]},{"i":{"x":0.4,"y":1},"o":{"x":0.6,"y":0},"t":81.667,"s":[{"i":[[0,0],[0,0],[0,0],[0,0],[0,0],[0,0],[0,0],[0,0],[0,0],[0,0],[0,0],[0,0]],"o":[[0,0],[0,0],[0,0],[0,0],[0,0],[0,0],[0,0],[0,0],[0,0],[0,0],[0,0],[0,0]],"v":[[16,-30],[-57,166],[174,236],[389,240],[412,263],[395,266],[394,278],[435,278],[420,245],[424,223],[398,220],[220,116]],"c":true}]},{"i":{"x":0.4,"y":1},"o":{"x":0.6,"y":0},"t":96.366,"s":[{"i":[[0,0],[0,0],[0,0],[0,0],[0,0],[0,0],[0,0],[0,0],[0,0],[0,0],[0,0],[0,0]],"o":[[0,0],[0,0],[0,0],[0,0],[0,0],[0,0],[0,0],[0,0],[0,0],[0,0],[0,0],[0,0]],"v":[[16,-8],[-57,178],[174,236],[389,240],[412,263],[395,266],[394,278],[435,278],[420,245],[424,223],[398,220],[220,126]],"c":true}]},{"i":{"x":0.4,"y":1},"o":{"x":0.6,"y":0},"t":122.5,"s":[{"i":[[0,0],[0,0],[0,0],[0,0],[0,0],[0,0],[0,0],[0,0],[0,0],[0,0],[0,0],[0,0]],"o":[[0,0],[0,0],[0,0],[0,0],[0,0],[0,0],[0,0],[0,0],[0,0],[0,0],[0,0],[0,0]],"v":[[16,-8],[-57,178],[174,227],[386,240],[408,263],[395,266],[394,278],[435,278],[417,245],[421,223],[395,220],[220,117]],"c":true}]},{"i":{"x":0.4,"y":1},"o":{"x":0.6,"y":0},"t":133.934,"s":[{"i":[[0,0],[0,0],[0,0],[0,0],[0,0],[0,0],[0,0],[0,0],[0,0],[0,0],[0,0],[0,0]],"o":[[0,0],[0,0],[0,0],[0,0],[0,0],[0,0],[0,0],[0,0],[0,0],[0,0],[0,0],[0,0]],"v":[[16,-8],[-57,178],[174,207],[386,240],[408,263],[395,266],[394,278],[435,278],[417,245],[421,223],[395,220],[220,97]],"c":true}]},{"i":{"x":0.4,"y":1},"o":{"x":0.6,"y":0},"t":161.7,"s":[{"i":[[0,0],[0,0],[0,0],[0,0],[0,0],[0,0],[0,0],[0,0],[0,0],[0,0],[0,0],[0,0]],"o":[[0,0],[0,0],[0,0],[0,0],[0,0],[0,0],[0,0],[0,0],[0,0],[0,0],[0,0],[0,0]],"v":[[16,-8],[-57,178],[174,236],[389,240],[412,263],[395,266],[394,278],[435,278],[420,245],[424,223],[398,220],[220,126]],"c":true}]},{"i":{"x":0.4,"y":1},"o":{"x":0.6,"y":0},"t":187.833,"s":[{"i":[[0,0],[0,0],[0,0],[0,0],[0,0],[0,0],[0,0],[0,0],[0,0],[0,0],[0,0],[0,0]],"o":[[0,0],[0,0],[0,0],[0,0],[0,0],[0,0],[0,0],[0,0],[0,0],[0,0],[0,0],[0,0]],"v":[[156,-234],[73,32],[254,156],[399,220],[412,263],[395,266],[394,278],[425,278],[430,225],[434,203],[408,200],[300,36]],"c":true}]},{"i":{"x":0.4,"y":1},"o":{"x":0.6,"y":0},"t":200.9,"s":[{"i":[[0,0],[0,0],[0,0],[0,0],[0,0],[0,0],[0,0],[0,0],[0,0],[0,0],[0,0],[0,0]],"o":[[0,0],[0,0],[0,0],[0,0],[0,0],[0,0],[0,0],[0,0],[0,0],[0,0],[0,0],[0,0]],"v":[[156,-226],[73,40],[254,156],[409,222],[412,263],[395,266],[394,278],[425,278],[440,227],[444,205],[418,202],[300,36]],"c":true}]},{"t":245,"s":[{"i":[[0,0],[0,0],[0,0],[0,0],[0,0],[0,0],[0,0],[0,0],[0,0],[0,0],[0,0],[0,0]],"o":[[0,0],[0,0],[0,0],[0,0],[0,0],[0,0],[0,0],[0,0],[0,0],[0,0],[0,0],[0,0]],"v":[[96,-56],[45,164],[226,214],[419,242],[412,263],[395,266],[394,278],[425,278],[450,247],[454,225],[428,222],[264,86]],"c":true}]}],"ix":2},"nm":"Path 1","mn":"ADBE Vector Shape - Group","hd":false},{"ty":"rd","nm":"Round Corners 1","r":{"a":0,"k":3,"ix":1},"ix":2,"mn":"ADBE Vector Filter - RC","hd":false},{"ty":"tm","s":{"a":0,"k":25,"ix":1},"e":{"a":0,"k":76,"ix":2},"o":{"a":0,"k":0,"ix":3},"m":1,"ix":3,"nm":"Trim Paths 1","mn":"ADBE Vector Filter - Trim","hd":false},{"ty":"st","c":{"a":0,"k":[0.011764705882352941,0.011764705882352941,0.011764705882352941,1],"ix":3},"o":{"a":0,"k":100,"ix":4},"w":{"a":0,"k":6,"ix":5},"lc":1,"lj":1,"ml":4,"bm":0,"nm":"Stroke 1","mn":"ADBE Vector Graphic - Stroke","hd":false},{"ty":"fl","c":{"a":0,"k":[1,1,1,1],"ix":4},"o":{"a":0,"k":100,"ix":5},"r":1,"bm":0,"nm":"Fill 1","mn":"ADBE Vector Graphic - Fill","hd":false},{"ty":"tr","p":{"a":0,"k":[0,0],"ix":2},"a":{"a":0,"k":[0,0],"ix":1},"s":{"a":0,"k":[100,100],"ix":3},"r":{"a":0,"k":0,"ix":6},"o":{"a":0,"k":100,"ix":7},"sk":{"a":0,"k":0,"ix":4},"sa":{"a":0,"k":0,"ix":5},"nm":"Transform"}],"nm":"leg","np":5,"cix":2,"bm":0,"ix":4,"mn":"ADBE Vector Group","hd":false},{"ty":"gr","it":[{"ind":0,"ty":"sh","ix":1,"ks":{"a":1,"k":[{"i":{"x":0.4,"y":1},"o":{"x":0.6,"y":0},"t":0,"s":[{"i":[[0,0],[0,0],[0,0],[0,0],[0,0],[0,0],[0,0],[0,0]],"o":[[0,0],[0,0],[0,0],[0,0],[0,0],[0,0],[0,0],[0,0]],"v":[[-460,79],[-483,202],[-542,262],[-561,263],[-560,279],[-519,280],[-400,244],[-315,121]],"c":true}]},{"i":{"x":0.4,"y":1},"o":{"x":0.6,"y":0},"t":40.833,"s":[{"i":[[0,0],[0,0],[0,0],[0,0],[0,0],[0,0],[0,0],[0,0]],"o":[[0,0],[0,0],[0,0],[0,0],[0,0],[0,0],[0,0],[0,0]],"v":[[-460,79],[-513,192],[-542,262],[-561,263],[-560,279],[-519,280],[-430,234],[-315,121]],"c":true}]},{"i":{"x":0.4,"y":1},"o":{"x":0.6,"y":0},"t":47.366,"s":[{"i":[[0,0],[0,0],[0,0],[0,0],[0,0],[0,0],[0,0],[0,0]],"o":[[0,0],[0,0],[0,0],[0,0],[0,0],[0,0],[0,0],[0,0]],"v":[[-460,79],[-513,192],[-542,262],[-561,263],[-560,279],[-519,280],[-430,234],[-315,121]],"c":true}]},{"i":{"x":0.4,"y":1},"o":{"x":0.6,"y":0},"t":81.667,"s":[{"i":[[0,0],[0,0],[0,0],[0,0],[0,0],[0,0],[0,0],[0,0]],"o":[[0,0],[0,0],[0,0],[0,0],[0,0],[0,0],[0,0],[0,0]],"v":[[-567,159],[-460,232],[-542,262],[-561,263],[-560,279],[-519,280],[-353,266],[-375,150]],"c":true}]},{"i":{"x":0.4,"y":1},"o":{"x":0.6,"y":0},"t":96.366,"s":[{"i":[[0,0],[0,0],[0,0],[0,0],[0,0],[0,0],[0,0],[0,0]],"o":[[0,0],[0,0],[0,0],[0,0],[0,0],[0,0],[0,0],[0,0]],"v":[[-567,159],[-460,232],[-542,262],[-561,263],[-560,279],[-519,280],[-353,266],[-375,150]],"c":true}]},{"i":{"x":0.4,"y":1},"o":{"x":0.6,"y":0},"t":122.5,"s":[{"i":[[0,0],[0,0],[0,0],[0,0],[0,0],[0,0],[0,0],[0,0]],"o":[[0,0],[0,0],[0,0],[0,0],[0,0],[0,0],[0,0],[0,0]],"v":[[-602.5,12],[-580,112],[-542,262],[-561,263],[-560,279],[-519,280],[-433,106],[-423,-10]],"c":true}]},{"i":{"x":0.4,"y":1},"o":{"x":0.6,"y":0},"t":133.934,"s":[{"i":[[0,0],[0,0],[0,0],[0,0],[0,0],[0,0],[0,0],[0,0]],"o":[[0,0],[0,0],[0,0],[0,0],[0,0],[0,0],[0,0],[0,0]],"v":[[-602.5,12],[-592,112],[-542,262],[-561,263],[-560,279],[-519,280],[-445,106],[-423,-10]],"c":true}]},{"i":{"x":0.4,"y":1},"o":{"x":0.6,"y":0},"t":161.7,"s":[{"i":[[0,0],[0,0],[0,0],[0,0],[0,0],[0,0],[0,0],[0,0]],"o":[[0,0],[0,0],[0,0],[0,0],[0,0],[0,0],[0,0],[0,0]],"v":[[-567,159],[-460,232],[-542,262],[-561,263],[-560,279],[-519,280],[-353,266],[-375,150]],"c":true}]},{"i":{"x":0.4,"y":1},"o":{"x":0.6,"y":0},"t":187.833,"s":[{"i":[[0,0],[0,0],[0,0],[0,0],[0,0],[0,0],[0,0],[0,0]],"o":[[0,0],[0,0],[0,0],[0,0],[0,0],[0,0],[0,0],[0,0]],"v":[[-460,79],[-513,192],[-542,262],[-561,263],[-560,279],[-519,280],[-430,234],[-315,121]],"c":true}]},{"i":{"x":0.4,"y":1},"o":{"x":0.6,"y":0},"t":200.9,"s":[{"i":[[0,0],[0,0],[0,0],[0,0],[0,0],[0,0],[0,0],[0,0]],"o":[[0,0],[0,0],[0,0],[0,0],[0,0],[0,0],[0,0],[0,0]],"v":[[-460,79],[-513,192],[-542,262],[-561,263],[-560,279],[-519,280],[-430,234],[-315,121]],"c":true}]},{"t":245,"s":[{"i":[[0,0],[0,0],[0,0],[0,0],[0,0],[0,0],[0,0],[0,0]],"o":[[0,0],[0,0],[0,0],[0,0],[0,0],[0,0],[0,0],[0,0]],"v":[[-460,79],[-483,202],[-542,262],[-561,263],[-560,279],[-519,280],[-400,244],[-315,121]],"c":true}]}],"ix":2},"nm":"Path 1","mn":"ADBE Vector Shape - Group","hd":false},{"ty":"rd","nm":"Round Corners 1","r":{"a":0,"k":3,"ix":1},"ix":2,"mn":"ADBE Vector Filter - RC","hd":false},{"ty":"tm","s":{"a":0,"k":14,"ix":1},"e":{"a":0,"k":100,"ix":2},"o":{"a":0,"k":0,"ix":3},"m":1,"ix":3,"nm":"Trim Paths 1","mn":"ADBE Vector Filter - Trim","hd":false},{"ty":"st","c":{"a":0,"k":[0.011764705882352941,0.011764705882352941,0.011764705882352941,1],"ix":3},"o":{"a":0,"k":100,"ix":4},"w":{"a":0,"k":6,"ix":5},"lc":1,"lj":1,"ml":4,"bm":0,"nm":"Stroke 1","mn":"ADBE Vector Graphic - Stroke","hd":false},{"ty":"fl","c":{"a":0,"k":[1,1,1,1],"ix":4},"o":{"a":0,"k":100,"ix":5},"r":1,"bm":0,"nm":"Fill 1","mn":"ADBE Vector Graphic - Fill","hd":false},{"ty":"tr","p":{"a":0,"k":[0,0],"ix":2},"a":{"a":0,"k":[0,0],"ix":1},"s":{"a":0,"k":[100,100],"ix":3},"r":{"a":0,"k":0,"ix":6},"o":{"a":0,"k":100,"ix":7},"sk":{"a":0,"k":0,"ix":4},"sa":{"a":0,"k":0,"ix":5},"nm":"Transform"}],"nm":"arm","np":5,"cix":2,"bm":0,"ix":5,"mn":"ADBE Vector Group","hd":false}],"ip":0,"op":250,"st":0,"bm":0},{"ddd":0,"ind":3,"ty":4,"nm":"Shape Layer 2 Shapes","sr":1,"ks":{"o":{"a":0,"k":100,"ix":11},"r":{"a":1,"k":[{"i":{"x":[0.4],"y":[1]},"o":{"x":[0.6],"y":[0]},"t":0,"s":[-92]},{"i":{"x":[0.4],"y":[1]},"o":{"x":[0.6],"y":[0]},"t":40.833,"s":[-80]},{"i":{"x":[0.4],"y":[1]},"o":{"x":[0.6],"y":[0]},"t":47.366,"s":[-82.4]},{"i":{"x":[0.4],"y":[1]},"o":{"x":[0.6],"y":[0]},"t":81.667,"s":[-64]},{"i":{"x":[0.4],"y":[1]},"o":{"x":[0.6],"y":[0]},"t":96.366,"s":[-64]},{"i":{"x":[0.4],"y":[1]},"o":{"x":[0.6],"y":[0]},"t":122.5,"s":[-26]},{"i":{"x":[0.4],"y":[1]},"o":{"x":[0.6],"y":[0]},"t":133.934,"s":[-26]},{"i":{"x":[0.4],"y":[1]},"o":{"x":[0.6],"y":[0]},"t":161.7,"s":[-64]},{"i":{"x":[0.4],"y":[1]},"o":{"x":[0.6],"y":[0]},"t":187.833,"s":[-82.4]},{"i":{"x":[0.4],"y":[1]},"o":{"x":[0.6],"y":[0]},"t":200.9,"s":[-80]},{"t":245,"s":[-92]}],"ix":10},"p":{"a":1,"k":[{"i":{"x":0.4,"y":1},"o":{"x":0.6,"y":0},"t":0,"s":[457.226,600,0],"to":[44.083,1.667,0],"ti":[24.462,-15.93,0]},{"i":{"x":0.4,"y":1},"o":{"x":0.6,"y":0},"t":40.833,"s":[494.726,642.25,0],"to":[-0.577,0.376,0],"ti":[7.379,-5.105,0]},{"i":{"x":0.4,"y":1},"o":{"x":0.6,"y":0},"t":47.366,"s":[487.036,647.829,0],"to":[-47.391,32.787,0],"ti":[64.037,-31.689,0]},{"i":{"x":0.4,"y":1},"o":{"x":0.6,"y":0},"t":81.667,"s":[325.812,737.766,0],"to":[-0.893,0.442,0],"ti":[-0.75,-1.792,0]},{"i":{"x":0.4,"y":1},"o":{"x":0.6,"y":0},"t":96.366,"s":[325.812,742.766,0],"to":[0.644,1.537,0],"ti":[0,0,0]},{"i":{"x":0.4,"y":0.4},"o":{"x":0.6,"y":0.6},"t":122.5,"s":[313.24,474.968,0],"to":[0,0,0],"ti":[0,0,0]},{"i":{"x":0.4,"y":1},"o":{"x":0.6,"y":0},"t":133.934,"s":[313.24,474.968,0],"to":[0,0,0],"ti":[-0.75,-1.792,0]},{"i":{"x":0.4,"y":1},"o":{"x":0.6,"y":0},"t":161.7,"s":[325.812,742.766,0],"to":[0.644,1.537,0],"ti":[-7.548,4.852,0]},{"i":{"x":0.4,"y":1},"o":{"x":0.6,"y":0},"t":187.833,"s":[487.036,647.829,0],"to":[4.609,-2.963,0],"ti":[0.212,0.32,0]},{"i":{"x":0.4,"y":1},"o":{"x":0.6,"y":0},"t":200.9,"s":[494.726,642.25,0],"to":[-0.381,-0.574,0],"ti":[-7.448,-0.282,0]},{"t":245,"s":[457.226,600,0]}],"ix":2},"a":{"a":0,"k":[-7.686,96.282,0],"ix":1},"s":{"a":0,"k":[100,100,100],"ix":6}},"ao":0,"shapes":[{"ty":"gr","it":[{"ind":0,"ty":"sh","ix":1,"ks":{"a":0,"k":{"i":[[-1.005,1.379],[0,0],[1.423,-0.816],[1.809,0.898],[0.197,0.679],[0.02,1.495],[2.397,1.65],[0,0],[0.783,-1.242],[-0.051,-0.295],[-0.327,-1.272],[-0.734,-1.848],[-0.782,-0.6],[2.592,3.339],[0.705,-4.99],[-1.216,-1.673],[-10.193,8.333]],"o":[[0,0],[-2.108,2.098],[-2.677,1.537],[-1.447,-0.718],[-0.574,-1.98],[-0.039,-2.907],[0,0],[-0.29,0.084],[-0.791,1.255],[2.79,1.685],[0.425,1.658],[0.598,1.505],[-4.085,-1.021],[-1.177,0.943],[-0.232,1.646],[3.673,5.05],[2.988,-2.443]],"v":[[3.745,20.117],[1.507,19.018],[-4.032,23.265],[-10.749,25.185],[-12.909,22.003],[-12.791,17.25],[-16.798,9.866],[-21.118,7.705],[-23.39,9.412],[-23.946,12.222],[-19.901,16.897],[-19.272,21.571],[-16.837,24.674],[-27.246,17.879],[-32.617,26.86],[-31.881,32.491],[-2.198,26.403]],"c":true},"ix":2},"nm":"beard","mn":"ADBE Vector Shape - Group","hd":false},{"ind":1,"ty":"sh","ix":2,"ks":{"a":0,"k":{"i":[[0.874,5.776],[2.781,0.337],[1.772,-0.286],[6.156,13.043],[3.868,2.79],[4.677,-0.935],[0.638,-4.726],[-4.764,-0.234],[-0.222,-0.853],[-2.443,0.088],[-2.477,-0.844],[-1.851,1.687],[-1.927,-1.54],[-1.548,1.921],[-0.58,-1.909],[-0.666,-0.333],[-1.25,0.216]],"o":[[-0.5,-3.309],[-1.879,-0.228],[-2.351,0.38],[-2.455,-4.088],[-3.868,-2.79],[-4.677,0.935],[-0.639,4.726],[-2.114,2.211],[1.175,4.501],[0.313,2.629],[2.348,0.799],[-1.532,1.933],[1.927,1.54],[-1.225,1.575],[0.737,2.426],[0.991,0.495],[3.534,-0.61]],"v":[[28.94,-14.739],[23.812,-23.111],[19.362,-21.096],[7.105,-36.368],[-2.141,-47.156],[-15.619,-50.581],[-25.139,-41.14],[-17.364,-31.066],[-19.411,-26.594],[-1.362,-22.606],[3.214,-16.913],[10.031,-18.358],[10.782,-11.735],[17.409,-12.46],[16.403,-6.347],[20.424,-2.222],[23.895,-1.329]],"c":true},"ix":2},"nm":"hair","mn":"ADBE Vector Shape - Group","hd":false},{"ty":"fl","c":{"a":0,"k":[1,0.6,0,1],"ix":4},"o":{"a":0,"k":100,"ix":5},"r":1,"bm":0,"nm":"beard and hair fill","mn":"ADBE Vector Graphic - Fill","hd":false},{"ty":"tr","p":{"a":1,"k":[{"i":{"x":0.4,"y":0.4},"o":{"x":0.6,"y":0.6},"t":0,"s":[4.736,34.334],"to":[0,0],"ti":[0,0]},{"i":{"x":0.4,"y":0.4},"o":{"x":0.6,"y":0.6},"t":40.833,"s":[4.736,34.334],"to":[0,0],"ti":[0,0]},{"i":{"x":0.4,"y":1},"o":{"x":0.6,"y":0},"t":47.366,"s":[4.736,34.334],"to":[0,1.667],"ti":[0,-2]},{"i":{"x":0.4,"y":1},"o":{"x":0.6,"y":0},"t":81.667,"s":[4.736,44.334],"to":[0,2],"ti":[0,-0.333]},{"i":{"x":0.4,"y":0.4},"o":{"x":0.6,"y":0.6},"t":96.366,"s":[4.736,46.334],"to":[0,0],"ti":[0,0]},{"i":{"x":0.577,"y":0.577},"o":{"x":0.661,"y":0.661},"t":122.5,"s":[4.736,46.334],"to":[0,0],"ti":[0,0]},{"i":{"x":0.4,"y":0.4},"o":{"x":0.6,"y":0.6},"t":133.934,"s":[4.736,46.334],"to":[0,0],"ti":[0,0]},{"i":{"x":0.4,"y":1},"o":{"x":0.6,"y":0},"t":161.7,"s":[4.736,46.334],"to":[0,-2],"ti":[0,2]},{"i":{"x":0.4,"y":0.4},"o":{"x":0.6,"y":0.6},"t":187.833,"s":[4.736,34.334],"to":[0,0],"ti":[0,0]},{"i":{"x":0.4,"y":0.4},"o":{"x":0.6,"y":0.6},"t":200.9,"s":[4.736,34.334],"to":[0,0],"ti":[0,0]},{"t":245,"s":[4.736,34.334]}],"ix":2},"a":{"a":0,"k":[3.991,21.688],"ix":1},"s":{"a":0,"k":[140.245,140.245],"ix":3},"r":{"a":1,"k":[{"i":{"x":[0.4],"y":[1]},"o":{"x":[0.6],"y":[0]},"t":0,"s":[-6]},{"i":{"x":[0.4],"y":[1]},"o":{"x":[0.6],"y":[0]},"t":40.833,"s":[-6]},{"i":{"x":[0.4],"y":[1]},"o":{"x":[0.6],"y":[0]},"t":47.366,"s":[0]},{"i":{"x":[0.4],"y":[1]},"o":{"x":[0.6],"y":[0]},"t":81.667,"s":[16]},{"i":{"x":[0.4],"y":[1]},"o":{"x":[0.6],"y":[0]},"t":96.366,"s":[0]},{"i":{"x":[0.4],"y":[1]},"o":{"x":[0.6],"y":[0]},"t":122.5,"s":[0]},{"i":{"x":[0.4],"y":[1]},"o":{"x":[0.6],"y":[0]},"t":133.934,"s":[-4]},{"i":{"x":[0.4],"y":[1]},"o":{"x":[0.6],"y":[0]},"t":161.7,"s":[0]},{"i":{"x":[0.4],"y":[1]},"o":{"x":[0.6],"y":[0]},"t":187.833,"s":[0]},{"i":{"x":[0.4],"y":[1]},"o":{"x":[0.6],"y":[0]},"t":200.9,"s":[-6]},{"t":245,"s":[-6]}],"ix":6},"o":{"a":0,"k":100,"ix":7},"sk":{"a":0,"k":0,"ix":4},"sa":{"a":0,"k":0,"ix":5},"nm":"Transform"}],"nm":"head 3","np":3,"cix":2,"bm":0,"ix":1,"mn":"ADBE Vector Group","hd":false},{"ty":"gr","it":[{"ind":0,"ty":"sh","ix":1,"ks":{"a":0,"k":{"i":[[0.563,0.179],[0.547,0.031],[0.441,-0.081],[1.747,-2.427],[0.304,-2.085],[-0.393,-0.584],[-0.455,-0.203],[-1.678,0.601],[-1.264,1.389],[0.271,1.662]],"o":[[-0.639,-0.203],[-0.763,-0.044],[-1.308,0.716],[-0.608,0.846],[-0.111,0.761],[0.267,0.396],[1.802,0.805],[2.833,-1.015],[1.134,-1.246],[-0.353,-2.169]],"v":[[18.5,9.088],[16.722,8.775],[14.86,8.876],[9.698,13.398],[7.068,18.732],[7.415,20.797],[8.538,21.662],[14.966,21.347],[20.477,16.799],[22.405,12.318]],"c":true},"ix":2},"nm":"ear","mn":"ADBE Vector Shape - Group","hd":false},{"ind":1,"ty":"sh","ix":2,"ks":{"a":0,"k":{"i":[[7.845,5.323],[0.536,0.314],[0,0],[0,0],[0,0],[0,0],[0,0],[0,0],[0,0],[0,0],[1.959,-5.158],[-1.125,-1.623],[-6.357,1.772],[-4.095,2.337],[-3.068,2.852],[0,0],[-0.199,0.189],[-0.608,0.846],[-1.044,0.781],[-0.536,0.294],[-0.763,-0.044],[-3.725,4.484]],"o":[[-0.538,-0.365],[0,0],[0,0],[0,0],[0,0],[0,0],[0,0],[0,0],[0,0],[-4.534,7.121],[-0.556,1.464],[1.716,2.476],[4.359,-1.215],[3.401,-1.941],[0,0],[0.196,-0.183],[0.304,-2.085],[1.032,-1.433],[0.724,-0.542],[0.441,-0.081],[2.877,-3.084],[-1.124,-3.972]],"v":[[14.724,-19.499],[13.114,-20.485],[14.863,-22.637],[2.44,-25.29],[1.573,-24.343],[-16.071,-5.068],[-14.056,-4.153],[-23.544,4.251],[-18.97,6.538],[-18.942,6.552],[-29.408,25.77],[-29.64,31.248],[-15.98,31.738],[-2.807,26.246],[6.478,19.261],[6.484,19.264],[7.068,18.732],[9.698,13.398],[12.915,10.151],[14.86,8.876],[16.722,8.775],[26.697,-2.55]],"c":true},"ix":2},"nm":"face","mn":"ADBE Vector Shape - Group","hd":false},{"ty":"tm","s":{"a":0,"k":18,"ix":1},"e":{"a":0,"k":87,"ix":2},"o":{"a":0,"k":0,"ix":3},"m":1,"ix":3,"nm":"Trim Paths 1","mn":"ADBE Vector Filter - Trim","hd":false},{"ty":"fl","c":{"a":0,"k":[1,1,1,1],"ix":4},"o":{"a":0,"k":100,"ix":5},"r":1,"bm":0,"nm":"face fill","mn":"ADBE Vector Graphic - Fill","hd":false},{"ty":"st","c":{"a":0,"k":[0.011764705882352941,0.011764705882352941,0.011764705882352941,1],"ix":3},"o":{"a":0,"k":100,"ix":4},"w":{"a":0,"k":8,"ix":5},"lc":1,"lj":1,"ml":4,"bm":0,"nm":"Stroke 2","mn":"ADBE Vector Graphic - Stroke","hd":false},{"ty":"tr","p":{"a":1,"k":[{"i":{"x":0.4,"y":0.4},"o":{"x":0.6,"y":0.6},"t":0,"s":[4.736,34.334],"to":[0,0],"ti":[0,0]},{"i":{"x":0.4,"y":0.4},"o":{"x":0.6,"y":0.6},"t":40.833,"s":[4.736,34.334],"to":[0,0],"ti":[0,0]},{"i":{"x":0.4,"y":1},"o":{"x":0.6,"y":0},"t":47.366,"s":[4.736,34.334],"to":[0,1.667],"ti":[0,-2]},{"i":{"x":0.4,"y":1},"o":{"x":0.6,"y":0},"t":81.667,"s":[4.736,44.334],"to":[0,2],"ti":[0,-0.333]},{"i":{"x":0.4,"y":0.4},"o":{"x":0.6,"y":0.6},"t":96.366,"s":[4.736,46.334],"to":[0,0],"ti":[0,0]},{"i":{"x":0.4,"y":0.4},"o":{"x":0.6,"y":0.6},"t":122.5,"s":[4.736,46.334],"to":[0,0],"ti":[0,0]},{"i":{"x":0.4,"y":0.4},"o":{"x":0.6,"y":0.6},"t":133.934,"s":[4.736,46.334],"to":[0,0],"ti":[0,0]},{"i":{"x":0.4,"y":1},"o":{"x":0.6,"y":0},"t":161.7,"s":[4.736,46.334],"to":[0,-2],"ti":[0,2]},{"i":{"x":0.4,"y":0.4},"o":{"x":0.6,"y":0.6},"t":187.833,"s":[4.736,34.334],"to":[0,0],"ti":[0,0]},{"i":{"x":0.4,"y":0.4},"o":{"x":0.6,"y":0.6},"t":200.9,"s":[4.736,34.334],"to":[0,0],"ti":[0,0]},{"t":245,"s":[4.736,34.334]}],"ix":2},"a":{"a":0,"k":[2.991,21.688],"ix":1},"s":{"a":0,"k":[158.314,158.314],"ix":3},"r":{"a":1,"k":[{"i":{"x":[0.4],"y":[1]},"o":{"x":[0.6],"y":[0]},"t":0,"s":[-6]},{"i":{"x":[0.4],"y":[1]},"o":{"x":[0.6],"y":[0]},"t":40.833,"s":[-6]},{"i":{"x":[0.4],"y":[1]},"o":{"x":[0.6],"y":[0]},"t":47.366,"s":[0]},{"i":{"x":[0.4],"y":[1]},"o":{"x":[0.6],"y":[0]},"t":81.667,"s":[16]},{"i":{"x":[0.4],"y":[1]},"o":{"x":[0.6],"y":[0]},"t":96.366,"s":[0]},{"i":{"x":[0.4],"y":[1]},"o":{"x":[0.6],"y":[0]},"t":122.5,"s":[0]},{"i":{"x":[0.4],"y":[1]},"o":{"x":[0.6],"y":[0]},"t":133.934,"s":[-4]},{"i":{"x":[0.4],"y":[1]},"o":{"x":[0.6],"y":[0]},"t":161.7,"s":[0]},{"i":{"x":[0.4],"y":[1]},"o":{"x":[0.6],"y":[0]},"t":187.833,"s":[0]},{"i":{"x":[0.4],"y":[1]},"o":{"x":[0.6],"y":[0]},"t":200.9,"s":[-6]},{"t":245,"s":[-6]}],"ix":6},"o":{"a":0,"k":100,"ix":7},"sk":{"a":0,"k":0,"ix":4},"sa":{"a":0,"k":0,"ix":5},"nm":"Transform"}],"nm":"head 2","np":5,"cix":2,"bm":0,"ix":2,"mn":"ADBE Vector Group","hd":false},{"ty":"gr","it":[{"ind":0,"ty":"sh","ix":1,"ks":{"a":0,"k":{"i":[[0.993,1.225],[2.014,-0.873],[6.837,-8.437],[3.541,-14.832],[57.133,107.699],[-8.821,12.392]],"o":[[-1.265,-1.56],[-4.482,1.943],[-3.789,4.612],[-6.321,51.26],[-1.131,-3.258],[0.847,-1.35]],"v":[[10.071,16.141],[1.908,17.571],[-16.08,31.838],[-22.196,48.313],[10.507,53.67],[8.538,21.662]],"c":true},"ix":2},"nm":"Mask 1","mn":"ADBE Vector Shape - Group","hd":false},{"ty":"rd","nm":"Round Corners 1","r":{"a":0,"k":10,"ix":1},"ix":2,"mn":"ADBE Vector Filter - RC","hd":false},{"ty":"st","c":{"a":0,"k":[0.011764705882352941,0.011764705882352941,0.011764705882352941,1],"ix":3},"o":{"a":0,"k":100,"ix":4},"w":{"a":0,"k":4,"ix":5},"lc":1,"lj":1,"ml":4,"bm":0,"nm":"Stroke 1","mn":"ADBE Vector Graphic - Stroke","hd":false},{"ty":"fl","c":{"a":0,"k":[1,1,1,1],"ix":4},"o":{"a":0,"k":100,"ix":5},"r":1,"bm":0,"nm":"Fill 1","mn":"ADBE Vector Graphic - Fill","hd":false},{"ty":"tr","p":{"a":0,"k":[0,0],"ix":2},"a":{"a":0,"k":[0,0],"ix":1},"s":{"a":0,"k":[158.314,158.314],"ix":3},"r":{"a":0,"k":0,"ix":6},"o":{"a":0,"k":100,"ix":7},"sk":{"a":0,"k":0,"ix":4},"sa":{"a":0,"k":0,"ix":5},"nm":"Transform"}],"nm":"neck","np":4,"cix":2,"bm":0,"ix":3,"mn":"ADBE Vector Group","hd":false}],"ip":0,"op":250,"st":0,"bm":0},{"ddd":0,"ind":4,"ty":4,"nm":"matt Outlines","sr":1,"ks":{"o":{"a":0,"k":100,"ix":11},"r":{"a":0,"k":0,"ix":10},"p":{"a":0,"k":[600,901.067,0],"ix":2},"a":{"a":0,"k":[279.203,16.708,0],"ix":1},"s":{"a":0,"k":[100,100,100],"ix":6}},"ao":0,"shapes":[{"ty":"gr","it":[{"ind":0,"ty":"sh","ix":1,"ks":{"a":0,"k":{"i":[[0,0],[0,0],[0,0],[0,0]],"o":[[0,0],[0,0],[0,0],[0,0]],"v":[[225.34,-16.458],[-225.34,-16.458],[-278.953,16.458],[278.953,16.458]],"c":true},"ix":2},"nm":"Path 1","mn":"ADBE Vector Shape - Group","hd":false},{"ty":"fl","c":{"a":0,"k":[0.3607843137254902,0.8509803921568627,0.47058823529411764,1],"ix":4},"o":{"a":0,"k":100,"ix":5},"r":1,"bm":0,"nm":"Fill 1","mn":"ADBE Vector Graphic - Fill","hd":false},{"ty":"tr","p":{"a":0,"k":[533.789,128.872],"ix":2},"a":{"a":0,"k":[0,0],"ix":1},"s":{"a":0,"k":[240.159,131.476],"ix":3},"r":{"a":0,"k":0,"ix":6},"o":{"a":0,"k":100,"ix":7},"sk":{"a":0,"k":0,"ix":4},"sa":{"a":0,"k":0,"ix":5},"nm":"Transform"}],"nm":"Group 1","np":2,"cix":2,"bm":0,"ix":1,"mn":"ADBE Vector Group","hd":false}],"ip":0,"op":250,"st":0,"bm":0},{"ddd":0,"ind":5,"ty":4,"nm":"window Outlines 3","td":1,"sr":1,"ks":{"o":{"a":0,"k":100,"ix":11},"r":{"a":0,"k":0,"ix":10},"p":{"a":0,"k":[802.195,529.819,0],"ix":2},"a":{"a":0,"k":[119.924,271.209,0],"ix":1},"s":{"a":0,"k":[97.969,100,100],"ix":6}},"ao":0,"shapes":[{"ty":"gr","it":[{"ind":0,"ty":"sh","ix":1,"ks":{"a":0,"k":{"i":[[0,0],[0,0],[0,0],[0,0]],"o":[[0,0],[0,0],[0,0],[0,0]],"v":[[-119.674,270.959],[119.674,270.959],[119.674,-270.959],[-119.674,-270.959]],"c":true},"ix":2},"nm":"Path 1","mn":"ADBE Vector Shape - Group","hd":false},{"ty":"fl","c":{"a":0,"k":[0.011764705882352941,0.011764705882352941,0.011764705882352941,1],"ix":4},"o":{"a":0,"k":100,"ix":5},"r":1,"bm":0,"nm":"Fill 1","mn":"ADBE Vector Graphic - Fill","hd":false},{"ty":"tr","p":{"a":0,"k":[119.924,271.209],"ix":2},"a":{"a":0,"k":[0,0],"ix":1},"s":{"a":0,"k":[123.447,123.447],"ix":3},"r":{"a":0,"k":0,"ix":6},"o":{"a":0,"k":100,"ix":7},"sk":{"a":0,"k":0,"ix":4},"sa":{"a":0,"k":0,"ix":5},"nm":"Transform"}],"nm":"Group 1","np":2,"cix":2,"bm":0,"ix":1,"mn":"ADBE Vector Group","hd":false}],"ip":0,"op":250,"st":0,"bm":0},{"ddd":0,"ind":6,"ty":4,"nm":"curtain right Outlines","tt":1,"sr":1,"ks":{"o":{"a":0,"k":100,"ix":11},"r":{"a":0,"k":0,"ix":10},"p":{"a":1,"k":[{"i":{"x":0.4,"y":1},"o":{"x":0.6,"y":0},"t":0,"s":[873.812,447.99,0],"to":[0,6.667,0],"ti":[0,0,0]},{"i":{"x":0.4,"y":1},"o":{"x":0.6,"y":0},"t":52.267,"s":[873.812,487.99,0],"to":[0,0,0],"ti":[0,0,0]},{"i":{"x":0.4,"y":1},"o":{"x":0.6,"y":0},"t":112.7,"s":[873.812,447.99,0],"to":[0,0,0],"ti":[0,0,0]},{"i":{"x":0.4,"y":1},"o":{"x":0.6,"y":0},"t":173.134,"s":[873.812,487.99,0],"to":[0,0,0],"ti":[0,6.667,0]},{"t":245,"s":[873.812,447.99,0]}],"ix":2},"a":{"a":0,"k":[49.958,230.468,0],"ix":1},"s":{"a":0,"k":[100,100,100],"ix":6}},"ao":0,"shapes":[{"ty":"gr","it":[{"ind":0,"ty":"sh","ix":1,"ks":{"a":0,"k":{"i":[[0,0],[26.215,72.639],[11.732,39.833],[-10.933,40.356],[0,0]],"o":[[0.869,-79.501],[-13.978,-38.734],[-11.731,-39.833],[0,0],[0,0]],"v":[[48.839,230.218],[10.238,-1.489],[-33.087,-116.867],[-38.775,-230.218],[48.839,-230.218]],"c":true},"ix":2},"nm":"Path 1","mn":"ADBE Vector Shape - Group","hd":false},{"ty":"st","c":{"a":0,"k":[0.011764705882352941,0.011764705882352941,0.011764705882352941,1],"ix":3},"o":{"a":0,"k":100,"ix":4},"w":{"a":0,"k":4,"ix":5},"lc":1,"lj":1,"ml":4,"bm":0,"nm":"Stroke 1","mn":"ADBE Vector Graphic - Stroke","hd":false},{"ty":"fl","c":{"a":0,"k":[1,1,1,1],"ix":4},"o":{"a":0,"k":100,"ix":5},"r":1,"bm":0,"nm":"Fill 1","mn":"ADBE Vector Graphic - Fill","hd":false},{"ty":"tr","p":{"a":0,"k":[67.958,218.468],"ix":2},"a":{"a":0,"k":[0,0],"ix":1},"s":{"a":0,"k":[123.75,123.75],"ix":3},"r":{"a":0,"k":0,"ix":6},"o":{"a":0,"k":100,"ix":7},"sk":{"a":0,"k":0,"ix":4},"sa":{"a":0,"k":0,"ix":5},"nm":"Transform"}],"nm":"Group 1","np":3,"cix":2,"bm":0,"ix":1,"mn":"ADBE Vector Group","hd":false}],"ip":250,"op":250,"st":0,"bm":0,"hidden":0},{"ddd":0,"ind":7,"ty":4,"nm":"window Outlines 4","td":1,"sr":1,"ks":{"o":{"a":0,"k":100,"ix":11},"r":{"a":0,"k":0,"ix":10},"p":{"a":0,"k":[802.195,529.819,0],"ix":2},"a":{"a":0,"k":[119.924,271.209,0],"ix":1},"s":{"a":0,"k":[98.646,100,100],"ix":6}},"ao":0,"shapes":[{"ty":"gr","it":[{"ind":0,"ty":"sh","ix":1,"ks":{"a":0,"k":{"i":[[0,0],[0,0],[0,0],[0,0]],"o":[[0,0],[0,0],[0,0],[0,0]],"v":[[-119.674,270.959],[119.674,270.959],[119.674,-270.959],[-119.674,-270.959]],"c":true},"ix":2},"nm":"Path 1","mn":"ADBE Vector Shape - Group","hd":false},{"ty":"fl","c":{"a":0,"k":[0.011764705882352941,0.011764705882352941,0.011764705882352941,1],"ix":4},"o":{"a":0,"k":100,"ix":5},"r":1,"bm":0,"nm":"Fill 1","mn":"ADBE Vector Graphic - Fill","hd":false},{"ty":"tr","p":{"a":0,"k":[119.924,271.209],"ix":2},"a":{"a":0,"k":[0,0],"ix":1},"s":{"a":0,"k":[123.447,123.447],"ix":3},"r":{"a":0,"k":0,"ix":6},"o":{"a":0,"k":100,"ix":7},"sk":{"a":0,"k":0,"ix":4},"sa":{"a":0,"k":0,"ix":5},"nm":"Transform"}],"nm":"Group 1","np":2,"cix":2,"bm":0,"ix":1,"mn":"ADBE Vector Group","hd":false}],"ip":250,"op":250,"st":0,"bm":0,"hidden":250},{"ddd":0,"ind":8,"ty":4,"nm":"curtain left Outlines","tt":1,"sr":1,"ks":{"o":{"a":0,"k":100,"ix":11},"r":{"a":0,"k":0,"ix":10},"p":{"a":1,"k":[{"i":{"x":0.4,"y":1},"o":{"x":0.6,"y":0},"t":0,"s":[730.578,487.99,0],"to":[0,-3.333,0],"ti":[0,0,0]},{"i":{"x":0.4,"y":1},"o":{"x":0.6,"y":0},"t":71.866,"s":[730.578,467.99,0],"to":[0,0,0],"ti":[0,3.333,0]},{"i":{"x":0.4,"y":1},"o":{"x":0.6,"y":0},"t":145.366,"s":[730.578,487.99,0],"to":[0,-3.333,0],"ti":[0,0,0]},{"i":{"x":0.4,"y":1},"o":{"x":0.6,"y":0},"t":200.9,"s":[730.578,447.99,0],"to":[0,0,0],"ti":[0,-6.667,0]},{"t":245,"s":[730.578,487.99,0]}],"ix":2},"a":{"a":0,"k":[49.958,230.468,0],"ix":1},"s":{"a":0,"k":[100,100,100],"ix":6}},"ao":0,"shapes":[{"ty":"gr","it":[{"ind":0,"ty":"sh","ix":1,"ks":{"a":0,"k":{"i":[[0,0],[-26.215,72.639],[-11.732,39.833],[10.933,40.356],[0,0]],"o":[[-0.87,-79.501],[13.979,-38.734],[11.732,-39.833],[0,0],[0,0]],"v":[[-48.838,230.218],[-10.238,-1.489],[33.087,-116.867],[38.775,-230.218],[-48.838,-230.218]],"c":true},"ix":2},"nm":"Path 1","mn":"ADBE Vector Shape - Group","hd":false},{"ty":"st","c":{"a":0,"k":[0.011764705882352941,0.011764705882352941,0.011764705882352941,1],"ix":3},"o":{"a":0,"k":100,"ix":4},"w":{"a":0,"k":4,"ix":5},"lc":1,"lj":1,"ml":4,"bm":0,"nm":"Stroke 1","mn":"ADBE Vector Graphic - Stroke","hd":false},{"ty":"fl","c":{"a":0,"k":[1,1,1,1],"ix":4},"o":{"a":0,"k":100,"ix":5},"r":1,"bm":0,"nm":"Fill 1","mn":"ADBE Vector Graphic - Fill","hd":false},{"ty":"tr","p":{"a":0,"k":[33.958,224.468],"ix":2},"a":{"a":0,"k":[0,0],"ix":1},"s":{"a":0,"k":[127.12,127.12],"ix":3},"r":{"a":0,"k":0,"ix":6},"o":{"a":0,"k":100,"ix":7},"sk":{"a":0,"k":0,"ix":4},"sa":{"a":0,"k":0,"ix":5},"nm":"Transform"}],"nm":"Group 1","np":3,"cix":2,"bm":0,"ix":1,"mn":"ADBE Vector Group","hd":false}],"ip":250,"op":250,"st":0,"bm":0,"hidden":0},{"ddd":0,"ind":9,"ty":4,"nm":"window frame Outlines","sr":1,"ks":{"o":{"a":0,"k":100,"ix":11},"r":{"a":0,"k":0,"ix":10},"p":{"a":0,"k":[802.195,529.426,0],"ix":2},"a":{"a":0,"k":[119.924,271.208,0],"ix":1},"s":{"a":0,"k":[100,100,100],"ix":6}},"ao":0,"shapes":[{"ty":"gr","it":[{"ind":0,"ty":"sh","ix":1,"ks":{"a":0,"k":{"i":[[0,0],[0,0],[0,0],[0,0],[0,0],[0,0],[0,0],[0,0],[0,0],[0,0],[0,0],[0,0]],"o":[[0,0],[0,0],[0,0],[0,0],[0,0],[0,0],[0,0],[0,0],[0,0],[0,0],[0,0],[0,0]],"v":[[119.674,-178.4],[8.141,-178.4],[8.141,-270.958],[-8.14,-270.958],[-8.14,-178.4],[-119.674,-178.4],[-119.674,-162.119],[-8.14,-162.119],[-8.14,270.958],[8.141,270.958],[8.141,-162.119],[119.674,-162.119]],"c":true},"ix":2},"nm":"Path 1","mn":"ADBE Vector Shape - Group","hd":false},{"ty":"fl","c":{"a":0,"k":[1,1,1,1],"ix":4},"o":{"a":0,"k":100,"ix":5},"r":1,"bm":0,"nm":"Fill 1","mn":"ADBE Vector Graphic - Fill","hd":false},{"ty":"tr","p":{"a":0,"k":[119.924,271.208],"ix":2},"a":{"a":0,"k":[0,0],"ix":1},"s":{"a":0,"k":[129.343,129.343],"ix":3},"r":{"a":0,"k":0,"ix":6},"o":{"a":0,"k":100,"ix":7},"sk":{"a":0,"k":0,"ix":4},"sa":{"a":0,"k":0,"ix":5},"nm":"Transform"}],"nm":"Group 1","np":3,"cix":2,"bm":0,"ix":1,"mn":"ADBE Vector Group","hd":false}],"ip":250,"op":250,"st":0,"bm":0,"hidden":0},{"ddd":0,"ind":10,"ty":4,"nm":"window Outlines 2","td":1,"sr":1,"ks":{"o":{"a":0,"k":100,"ix":11},"r":{"a":0,"k":0,"ix":10},"p":{"a":0,"k":[802.195,529.819,0],"ix":2},"a":{"a":0,"k":[119.924,271.209,0],"ix":1},"s":{"a":0,"k":[100,100,100],"ix":6}},"ao":0,"shapes":[{"ty":"gr","it":[{"ind":0,"ty":"sh","ix":1,"ks":{"a":0,"k":{"i":[[0,0],[0,0],[0,0],[0,0]],"o":[[0,0],[0,0],[0,0],[0,0]],"v":[[-119.674,270.959],[119.674,270.959],[119.674,-270.959],[-119.674,-270.959]],"c":true},"ix":2},"nm":"Path 1","mn":"ADBE Vector Shape - Group","hd":false},{"ty":"fl","c":{"a":0,"k":[0.011764705882352941,0.011764705882352941,0.011764705882352941,1],"ix":4},"o":{"a":0,"k":100,"ix":5},"r":1,"bm":0,"nm":"Fill 1","mn":"ADBE Vector Graphic - Fill","hd":false},{"ty":"tr","p":{"a":0,"k":[119.924,271.209],"ix":2},"a":{"a":0,"k":[0,0],"ix":1},"s":{"a":0,"k":[123.447,123.447],"ix":3},"r":{"a":0,"k":0,"ix":6},"o":{"a":0,"k":100,"ix":7},"sk":{"a":0,"k":0,"ix":4},"sa":{"a":0,"k":0,"ix":5},"nm":"Transform"}],"nm":"Group 1","np":2,"cix":2,"bm":0,"ix":1,"mn":"ADBE Vector Group","hd":false}],"ip":250,"op":250,"st":0,"bm":0,"hidden":250},{"ddd":0,"ind":11,"ty":4,"nm":"moon Outlines","tt":1,"sr":1,"ks":{"o":{"a":0,"k":100,"ix":11},"r":{"a":0,"k":0,"ix":10},"p":{"a":1,"k":[{"i":{"x":0.833,"y":0.833},"o":{"x":0.167,"y":0.167},"t":0,"s":[653.939,440.057,0],"to":[66,-80,0],"ti":[-80.5,-86,0]},{"t":227.033203125,"s":[953.939,440.057,0]}],"ix":2},"a":{"a":0,"k":[45.558,45.559,0],"ix":1},"s":{"a":0,"k":[100,100,100],"ix":6}},"ao":0,"shapes":[{"ty":"gr","it":[{"ind":0,"ty":"sh","ix":1,"ks":{"a":0,"k":{"i":[[0,-25.023],[25.024,0],[0,25.023],[-25.023,0]],"o":[[0,25.023],[-25.023,0],[0,-25.023],[25.024,0]],"v":[[45.309,0],[-0.001,45.309],[-45.309,0],[-0.001,-45.309]],"c":true},"ix":2},"nm":"Path 1","mn":"ADBE Vector Shape - Group","hd":false},{"ty":"fl","c":{"a":0,"k":[1,1,1,1],"ix":4},"o":{"a":0,"k":100,"ix":5},"r":1,"bm":0,"nm":"Fill 1","mn":"ADBE Vector Graphic - Fill","hd":false},{"ty":"tr","p":{"a":0,"k":[45.558,45.559],"ix":2},"a":{"a":0,"k":[0,0],"ix":1},"s":{"a":0,"k":[100,100],"ix":3},"r":{"a":0,"k":0,"ix":6},"o":{"a":0,"k":100,"ix":7},"sk":{"a":0,"k":0,"ix":4},"sa":{"a":0,"k":0,"ix":5},"nm":"Transform"}],"nm":"Group 1","np":2,"cix":2,"bm":0,"ix":1,"mn":"ADBE Vector Group","hd":false}],"ip":250,"op":250,"st":0,"bm":0,"hidden":250},{"ddd":0,"ind":12,"ty":4,"nm":"window Outlines","sr":1,"ks":{"o":{"a":0,"k":100,"ix":11},"r":{"a":0,"k":0,"ix":10},"p":{"a":0,"k":[802.195,529.819,0],"ix":2},"a":{"a":0,"k":[119.924,271.209,0],"ix":1},"s":{"a":0,"k":[93.231,93.231,100],"ix":6}},"ao":0,"shapes":[{"ty":"gr","it":[{"ind":0,"ty":"sh","ix":1,"ks":{"a":0,"k":{"i":[[0,0],[0,0],[0,0],[0,0]],"o":[[0,0],[0,0],[0,0],[0,0]],"v":[[-119.674,270.959],[119.674,270.959],[119.674,-270.959],[-119.674,-270.959]],"c":true},"ix":2},"nm":"Path 1","mn":"ADBE Vector Shape - Group","hd":false},{"ty":"fl","c":{"a":0,"k":[0.011764705882352941,0.011764705882352941,0.011764705882352941,1],"ix":4},"o":{"a":0,"k":100,"ix":5},"r":1,"bm":0,"nm":"Fill 1","mn":"ADBE Vector Graphic - Fill","hd":false},{"ty":"tr","p":{"a":0,"k":[119.924,271.209],"ix":2},"a":{"a":0,"k":[0,0],"ix":1},"s":{"a":0,"k":[123.447,123.447],"ix":3},"r":{"a":0,"k":0,"ix":6},"o":{"a":0,"k":100,"ix":7},"sk":{"a":0,"k":0,"ix":4},"sa":{"a":0,"k":0,"ix":5},"nm":"Transform"}],"nm":"Group 1","np":2,"cix":2,"bm":0,"ix":1,"mn":"ADBE Vector Group","hd":false}],"ip":250,"op":250,"st":0,"bm":0,"hidden":250}],"markers":[]}